id,bloco,apartamento,nome,sobrenome,sexo,idade,veiculo_modelo,marca_veiculo,ano_veiculo,animais,empresa,profissao,salario,filhos,garagem,morador_desde
1,16,21,Kennedy,Cote,Male,48,,,,,Dynava,VP Accounting,,1,,2013/09/25
2,8,14,Kimble,Altree,Male,47,Explorer,Ford,2001,,Fliptune,Community Outreach Specialist,4246.4,,,2004/10/09
3,10,12,Florinda,Bonhill,Female,25,SX4,Suzuki,1998,,Kazu,Associate Professor,6809.79,,,2020/05/10
4,2,5,Rani,Pentony,Female,27,SC,Lexus,1998,,Thoughtblab,Social Worker,,,,2009/06/07
5,2,27,Kelsey,Book,Male,73,Envoy XUV,GMC,2008,,Babbleopia,VP Marketing,7403.41,1,,2004/08/03
6,9,17,Liza,Carlyle,Female,51,Riviera,Buick,2016,,Katz,Geologist III,5293.85,,,2004/06/06
7,10,1,Janos,Proppers,Male,79,Fleetwood,Cadillac,2007,,Skynoodle,VP Marketing,6676.4,,,2001/12/03
8,10,25,Florry,Arter,Female,78,Yaris,Toyota,2005,,Tazz,Office Assistant II,2220.94,,,2002/01/29
9,3,17,Hermy,Consterdine,Male,77,,,,,Latz,Help Desk Operator,,,,2009/03/16
10,1,15,Vilhelmina,Ghelardoni,Female,59,Camry Solara,Toyota,2001,,Zoomzone,Speech Pathologist,3451.98,,,2010/04/09
11,16,20,Daisie,Klemenz,Female,54,Cooper,MINI,2009,,,,6991.34,,,2005/02/25
12,7,36,Alphard,Higgonet,Male,44,Quest,Nissan,2011,error: Field 'thin' not found,Viva,Statistician III,2048.14,,1,2012/11/04
13,1,21,Risa,Barca,Female,38,GTI,Volkswagen,2020,,Thoughtblab,Senior Quality Engineer,,1,,2009/08/25
14,7,26,Stan,Batter,Male,37,,,,Cachorro,Skyba,Registered Nurse,2989.72,,1,2005/10/12
15,4,12,Darrick,Triplett,Male,80,F150,Ford,2002,,Chatterbridge,Geological Engineer,,,,2005/09/04
16,10,2,Janek,Ockwell,Male,26,Tahoe,Chevrolet,2005,error: Field 'thin' not found,Yoveo,Office Assistant II,,,1,2001/09/07
17,13,24,Dagmar,Siderfin,Female,70,Accent,Hyundai,2001,,Camido,Staff Scientist,3582.96,,,2020/04/21
18,9,24,Jacinda,McMorland,Female,31,Tahoe,Chevrolet,2020,,Devify,Marketing Manager,7993.28,2,,2016/11/16
19,3,7,Aveline,Prestner,Female,41,LeSabre,Buick,2017,,Skinix,VP Marketing,4639.02,,,2000/08/29
20,12,34,Thalia,Hanalan,Female,49,XK,Jaguar,2016,,Twitternation,Recruiter,3181.51,,,2004/09/09
21,6,18,Reiko,Swaisland,Female,27,,,,,,,,,,2007/12/14
22,7,29,Marthe,Pepperd,Female,70,,,,,Meezzy,Electrical Engineer,4724.55,1,,2017/05/22
23,8,18,Jewelle,Tippetts,Female,72,Outback Sport,Subaru,2008,,Shuffletag,Civil Engineer,6401.91,,,2010/06/22
24,1,3,Lois,McKinie,Female,55,Riviera,Buick,2013,,Kwinu,Structural Analysis Engineer,4260.4,,,2002/01/16
25,8,7,Fanchon,Gladdish,Female,68,Suburban 2500,GMC,2019,,Zazio,Registered Nurse,2189.95,,,2006/09/30
26,15,33,Holmes,Emblen,Male,64,,,,,Midel,Budget/Accounting Analyst II,3436.25,,,2013/09/18
27,8,29,Wendeline,Flear,Female,61,SJ 410,Suzuki,2011,,Riffpedia,Account Executive,6966.83,,,2001/03/04
28,10,16,Alberto,Iskower,Male,25,Pajero,Mitsubishi,2018,,Tagchat,Editor,7266.62,,,2010/01/03
29,4,1,Briggs,Kelsell,Male,36,Explorer Sport Trac,Ford,2005,,Yombu,Paralegal,2743.38,,,2015/09/10
30,3,33,Laughton,Whapple,Male,77,,,,,Izio,Health Coach III,5334.14,,,2006/09/15
31,7,23,Illa,Ravillas,Female,78,,,,,,,,,,2018/03/18
32,2,17,Mozelle,Parkman,Female,53,,,,,Wikizz,VP Sales,6270.84,,,2018/11/17
33,2,13,Pebrook,Passey,Male,35,,,,,Realbridge,Registered Nurse,2645.64,,,2017/06/09
34,4,27,Bobine,Poole,Female,36,,,,,,,7118.78,,,2003/07/28
35,4,6,Allianora,Bocken,Female,77,ES,Lexus,2002,,Thoughtstorm,Budget/Accounting Analyst IV,6302.86,,,2008/09/21
36,17,12,Elyse,Grice,Female,75,,,,,Pixoboo,Administrative Assistant III,4359.64,1,,2010/03/09
37,9,22,Suzann,Toulch,Female,28,,,,,Fliptune,Research Associate,6962.65,,,2019/02/09
38,15,27,Morris,Rymmer,Male,58,MR2,Toyota,2016,,Yambee,Analog Circuit Design manager,7504.08,,,2019/04/10
39,17,11,Killian,Meace,Male,76,,,,,Topiczoom,VP Accounting,5467.46,1,,2010/11/18
40,3,37,Gun,McTeer,Male,66,Sentra,Nissan,2001,,LiveZ,Compensation Analyst,4782.47,,,2019/07/12
41,16,2,Eryn,Shawe,Female,75,Prizm,Geo,2020,,Skipstorm,VP Accounting,7895.54,,,2001/12/08
42,1,32,Mildrid,Culshew,Female,62,Bonneville,Pontiac,2018,,Mymm,Statistician III,,2,,2020/04/25
43,1,4,Oswald,Revie,Male,59,Gran Sport,Maserati,1999,,Thoughtbeat,VP Sales,7913.31,,,2017/06/14
44,8,4,Leann,Eul,Female,73,,,,,Agimba,Budget/Accounting Analyst IV,,,,2011/12/06
45,8,21,Madeline,Rodgier,Female,54,,,,error: Field 'thin' not found,Thoughtbeat,Structural Analysis Engineer,3955.74,,1,2008/05/23
46,4,15,Alfonse,Clowsley,Male,39,,,,,Leexo,VP Marketing,2399.02,,,2006/12/13
47,3,21,Kariotta,Durrance,Female,57,Cavalier,Chevrolet,2009,error: Field 'thin' not found,Zoombox,Senior Financial Analyst,7367.09,,1,2011/07/11
48,8,5,Donnie,Gwin,Female,47,Sierra 2500,GMC,2003,,Devify,General Manager,7765.76,,,2019/11/20
49,2,18,Jo ann,Seally,Female,30,Wrangler,Jeep,2011,Cachorro,,,5724.41,2,1,2005/05/03
50,12,8,Lane,Elia,Male,43,,,,,Browsedrive,Senior Sales Associate,3290.29,,,2012/05/16
51,11,32,Irma,Avraham,Female,41,,,,,Skimia,Nurse,5143.04,,,2013/01/28
52,6,7,Star,Kort,Female,46,V70,Volvo,2004,,Jabbertype,Account Representative IV,,,,2001/10/03
53,8,35,Bond,Greenman,Male,29,,,,,Blogtags,Budget/Accounting Analyst II,,,,2016/04/24
54,4,6,Ingamar,Mauchline,Male,64,9-5,Saab,1999,,Feedfish,Programmer Analyst II,3526.98,,,2002/08/26
55,7,26,Emmye,Southby,Female,51,612 Scaglietti,Ferrari,2010,,Jayo,Senior Sales Associate,,,,2002/02/27
56,11,11,Michelle,Pinnere,Female,66,,,,,Livefish,Health Coach I,4178.44,,,2019/05/30
57,13,35,Winthrop,Crennell,Male,33,Discovery,Land Rover,2011,,Vimbo,Actuary,7144.27,,,2019/08/07
58,9,2,Yehudi,Moxley,Male,39,Diablo,Lamborghini,1999,,Feedfire,Internal Auditor,3645.6,,,2013/10/10
59,2,15,Cole,Standeven,Male,62,,,,,Zooveo,Programmer I,6804.47,,,2004/04/09
60,7,23,Brocky,Skidmore,Male,28,V8 Vantage,Aston Martin,2002,,Youtags,Associate Professor,,,,2000/11/21
61,10,25,Alvinia,O'Neary,Female,74,Eurovan,Volkswagen,1998,,Teklist,VP Quality Control,6814.26,,,2000/08/16
62,6,6,Cletus,Flanaghan,Male,57,,,,,Plajo,GIS Technical Architect,6749.7,,,2007/07/13
63,12,25,Marlowe,Crawforth,Male,37,,,,Gato,Omba,Compensation Analyst,5529.93,,1,2001/10/28
64,9,36,Kermit,Screaton,Male,79,,,,,Jaxnation,Administrative Officer,5617.43,,,2008/01/05
65,11,6,Ellene,Colam,Female,80,Savana 3500,GMC,1999,,Demivee,Analog Circuit Design manager,3756.91,,,2003/11/22
66,2,5,Linus,Edkins,Male,36,rio,Volkswagen,2014,,Ntags,Food Chemist,7099.12,,,2018/02/04
67,16,20,Jorie,Savege,Female,27,F-Series,Ford,2001,,Yotz,Media Manager II,3539.53,,,2014/04/22
68,12,3,Upton,Nunnery,Male,48,XK Series,Jaguar,2005,,Twinder,Product Engineer,,1,,2013/08/22
69,8,13,Emmit,Rotge,Male,78,,,,,Babbleblab,Associate Professor,,,,2011/06/15
70,7,17,Boyd,Milbourn,Male,33,,,,,Blogspan,Registered Nurse,,2,,2008/08/23
71,8,14,Gibby,Tomkin,Male,40,,,,,Meemm,VP Quality Control,,,,2015/07/09
72,9,1,Reed,McKenney,Male,64,Range Rover,Land Rover,2005,,Zooveo,Statistician III,3276.59,,,2016/09/03
73,6,29,Lana,Korejs,Female,73,,,,,Kare,Nurse,3841.44,,,2009/04/23
74,11,23,Janina,Rosellini,Female,57,C70,Volvo,2014,error: Field 'thin' not found,Meemm,Software Engineer I,,,1,2003/04/04
75,14,29,Lynne,Skrine,Female,44,Sunbird,Pontiac,1998,,Wordtune,Data Coordiator,2470.72,,,2011/09/06
76,4,2,Orazio,Nucator,Male,30,Dakota Club,Dodge,2018,,Roombo,Operator,4625.46,,,2019/03/05
77,2,2,Jeff,Jaram,Male,37,F430 Spider,Ferrari,2002,,Jabbersphere,Professor,2229.33,,,2007/09/08
78,17,25,Rodina,Poinsett,Female,47,Skyhawk,Buick,2019,,Zoomdog,Technical Writer,2927.06,,,2012/06/18
79,3,27,Aylmar,Selborne,Male,38,Legend,Acura,2019,,Dablist,Sales Representative,7089.65,,,2011/09/04
80,2,37,Annalee,Loreit,Female,57,,,,,Quinu,Biostatistician IV,5671.17,,,2015/06/13
81,8,28,Edik,Dunsmore,Male,65,,,,,Einti,Design Engineer,5663.3,,,2002/07/28
82,10,34,Antoni,Gronauer,Male,69,,,,,Aibox,Research Associate,,2,,2002/11/22
83,9,26,Paulie,Fitzsimon,Female,42,,,,,Wikibox,Help Desk Technician,2934.89,,,2010/09/30
84,13,8,Mel,Teague,Female,71,Yukon,GMC,2020,,,,7877.75,1,,2009/09/30
85,12,5,Fania,Denisovo,Female,80,Passat,Volkswagen,2019,,Twinte,Software Engineer II,7465.76,,,2005/09/24
86,15,19,Kathlin,Micallef,Female,72,,,,,Tagfeed,Staff Accountant III,3997.02,,,2004/02/11
87,16,28,Timmy,Jochen,Female,56,,,,,Kimia,Research Assistant II,4264.11,,,2013/04/03
88,17,17,Rafaelita,Glencross,Female,26,Yukon XL,GMC,1999,,Riffwire,General Manager,,2,,2016/07/06
89,15,36,Pammie,Gobel,Female,52,Z8,BMW,2003,,Leenti,Recruiter,3175.67,,,2010/10/14
90,11,29,Xylina,Dubbin,Female,71,E150,Ford,2009,,Edgeclub,Geologist IV,,,,2006/05/24
91,11,24,Philbert,D'Angeli,Male,69,VUE,Saturn,2001,,Rhyloo,Recruiter,2282.73,,,2016/01/19
92,4,23,Dalt,Abelwhite,Male,51,Ram 1500,Dodge,2005,,Buzzster,Clinical Specialist,2628.13,,,2017/02/07
93,3,17,Marcelo,Lesly,Male,55,GL-Class,Mercedes-Benz,2019,,Rhynoodle,Assistant Media Planner,4882.03,,,2017/09/03
94,14,30,Bartolemo,Moger,Male,43,,,,,Pixope,Help Desk Technician,4457.41,,,2010/05/07
95,10,5,Claudia,Fairall,Female,64,,,,,Voolith,Account Representative I,,,,2014/01/09
96,5,17,Inigo,Abrahamovitz,Male,43,,,,,Eire,Community Outreach Specialist,7159.49,,,2000/07/01
97,13,25,Reiko,Soot,Female,45,,,,,Quamba,GIS Technical Architect,7880.46,,,2015/07/14
98,8,38,Reina,Shoubridge,Female,45,Escape,Ford,2009,,Kwinu,Senior Sales Associate,,,,2011/10/29
99,14,22,Fletch,Roycroft,Male,67,ES,Lexus,2005,,Avamba,Quality Engineer,7017.62,,,2001/01/27
100,13,8,Isidoro,Staner,Male,77,Sportvan G30,Chevrolet,2007,,Wikizz,Software Test Engineer III,,,,2002/10/11
101,14,38,Becka,Timmis,Female,43,,,,Cachorro,Yabox,Physical Therapy Assistant,7333.52,,1,2001/09/02
102,6,15,Kennett,Hauxwell,Male,49,,,,,Gabcube,Graphic Designer,3527.27,,,2014/01/13
103,14,24,Kenneth,Wainer,Male,69,,,,,Camido,Geological Engineer,4038.46,,,2016/08/28
104,17,4,Benedikta,Struthers,Female,57,3 Series,BMW,2018,,Devpulse,VP Accounting,6917.71,,,2013/09/18
105,16,1,Hanna,Berendsen,Female,62,530,BMW,2003,,Shufflebeat,Account Coordinator,5470.84,,,2009/08/05
106,1,11,Padgett,Tradewell,Male,58,Escape,Ford,2020,,Quaxo,Data Coordiator,3364.18,,,2002/05/25
107,12,8,Kayley,Dorant,Female,69,Mustang,Ford,2006,,Kaymbo,Senior Sales Associate,5702.28,,,2013/08/01
108,4,7,Leonid,Strute,Male,68,Topaz,Mercury,2016,error: Field 'thin' not found,Yakijo,Human Resources Assistant I,6788.51,2,1,2007/10/26
109,8,9,Amalea,Boggis,Female,76,Veracruz,Hyundai,2008,Cachorro,Geba,Librarian,4222.83,,1,2019/03/20
110,15,10,Bevon,Aronin,Male,48,,,,,Flashdog,Information Systems Manager,6176.2,1,,2011/05/02
111,7,10,Thorvald,Rust,Male,46,Ridgeline,Honda,2003,,Jamia,VP Sales,4131.82,,,2016/07/03
112,14,13,Gael,Kubista,Female,51,,,,,Jabbertype,Business Systems Development Analyst,3719.21,1,,2011/08/18
113,16,34,Herman,Stainer,Male,29,,,,error: Field 'thin' not found,Flipopia,Marketing Assistant,7544.51,1,1,2016/11/06
114,3,38,Nataline,Pimblotte,Female,27,,,,,Quimba,Biostatistician I,3319.69,,,2018/02/11
115,4,17,Rockie,Kilmaster,Male,41,,,,,Topicblab,Sales Associate,6402.86,,,2001/11/23
116,9,5,Hamnet,Skelhorn,Male,42,Storm,Geo,2013,,Leexo,VP Product Management,4947.18,,,2011/04/25
117,1,1,Sharity,Redhole,Female,45,929,Mazda,2014,,BlogXS,Safety Technician II,6261.03,,,2004/12/15
118,2,35,Tedd,Reeds,Male,52,M6,BMW,2020,,Browsedrive,Teacher,,,,2010/03/02
119,12,22,Ella,Swaine,Female,58,Armada,Nissan,2009,,Roomm,Librarian,5412.89,,,2017/04/11
120,11,3,Meredith,Skea,Male,46,,,,,Skivee,Engineer III,2995.79,,,2000/11/15
121,15,29,Kurtis,McCambrois,Male,33,,,,,Abata,Social Worker,2672.8,,,2014/07/24
122,5,26,Jedidiah,Stubbes,Male,63,,,,,Mybuzz,Staff Accountant IV,4796.73,,,2018/11/16
123,8,23,Nestor,Appleford,Male,51,,,,,Jazzy,Assistant Media Planner,7379.39,,,2001/12/23
124,1,14,Falito,Pantridge,Male,44,1500,Chevrolet,2013,,Eire,Engineer III,5725.65,,,2002/04/04
125,10,37,Pierce,Tarver,Male,53,Maxima,Nissan,2003,,Jabbersphere,Physical Therapy Assistant,3409.16,,,2012/10/22
126,13,6,Francklyn,Grennan,Male,67,,,,,Voomm,Research Associate,4062.6,,,2015/06/24
127,5,22,Donnajean,Frame,Female,66,,,,,Topiczoom,Data Coordiator,3183.26,,,2017/09/11
128,8,28,Arluene,Brimilcombe,Female,37,Vandura G1500,GMC,2000,,Tazz,Health Coach IV,6094.81,,,2001/04/10
129,14,30,Bordy,Mayhead,Male,37,Corvette,Chevrolet,1998,Gato,Rhyloo,Senior Cost Accountant,,,1,2007/12/22
130,8,11,Kori,Fahey,Female,44,LS,Lexus,2020,,Gigashots,Registered Nurse,2385.12,,,2004/06/23
131,7,2,Marion,Mumbey,Male,29,SJ,Suzuki,1999,,,,2491.08,,,2013/02/16
132,4,17,Latisha,Boddie,Female,72,Tracer,Mercury,2017,,Vinder,Structural Engineer,2437.93,,,2002/08/08
133,16,29,Morris,Fealey,Male,69,,,,error: Field 'thin' not found,Katz,Accountant II,3216.12,,1,2018/01/29
134,17,7,Benji,Libero,Male,76,Civic Si,Honda,2000,,Mynte,Junior Executive,,,,2009/11/30
135,6,36,Natalie,Benedek,Female,45,Yukon XL 1500,GMC,2012,Gato,Twiyo,Automation Specialist I,5529.44,2,1,2005/01/07
136,4,30,Lindon,Laurentino,Male,51,Miata MX-5,Mazda,2006,,Brightbean,Registered Nurse,4517.79,,,2015/04/23
137,14,18,Barbabas,Earingey,Male,39,Passport,Honda,2002,,Demimbu,Research Nurse,6886.26,1,,2008/04/11
138,7,18,Dorita,Maren,Female,51,,,,,Digitube,Structural Analysis Engineer,6955.05,,,2016/10/13
139,10,25,Curt,Comiam,Male,39,,,,,Mydo,Registered Nurse,,,,2020/05/06
140,5,21,Thurstan,Sterre,Male,53,LS,Lexus,2005,,Gabspot,Account Coordinator,5135.43,,,2016/08/31
141,17,12,Roz,McBeith,Female,75,,,,,Demizz,Professor,2556.19,2,,2004/07/29
142,8,12,Pauly,Caren,Male,75,IS,Lexus,1999,,Oyoloo,Analyst Programmer,6739.75,1,,2012/04/11
143,12,12,Bailey,Flooks,Male,63,Caravan,Dodge,2008,,Feedbug,Actuary,3330.56,,,2017/08/25
144,11,38,Bessie,Yarn,Female,49,,,,,,,6385.08,,,2017/11/30
145,10,17,Waiter,Goodright,Male,74,,,,,Photofeed,Health Coach III,3462.03,,,2010/03/15
146,2,23,Neal,Henfre,Male,78,CTS-V,Cadillac,2011,,Viva,Sales Associate,4288.97,,,2017/03/01
147,4,26,Brandtr,Elias,Male,29,Continental GTC,Bentley,2016,,Ozu,Registered Nurse,6266.87,,,2011/08/21
148,13,12,Randa,Proswell,Female,69,Discovery,Land Rover,2005,,Izio,Accounting Assistant I,7650.01,,,2010/01/24
149,5,22,Gibbie,Mallender,Male,70,,,,,Linkbuzz,Programmer Analyst I,6864.35,,,2013/08/28
150,5,11,Evaleen,Gason,Female,54,7 Series,BMW,2016,error: Field 'thin' not found,Shuffledrive,Junior Executive,5506.92,,1,2011/01/01
151,4,8,Sallyanne,Robard,Female,31,Grand Prix,Pontiac,2015,,Tavu,Systems Administrator I,4212.68,,,2015/03/25
152,9,7,Tania,Petronis,Female,48,LeMans,Pontiac,2009,,Fatz,Account Executive,7277.24,,,2019/03/22
153,12,20,Jeremy,Aylott,Male,56,,,,,Rhybox,VP Product Management,5419.56,,,2006/06/09
154,11,32,Nicola,Euston,Male,70,,,,,Wikido,Account Representative II,7042.14,1,,2002/11/16
155,3,15,Maye,Hornig,Female,72,Rodeo,Isuzu,2013,,Jatri,Financial Analyst,5365.71,,,2018/06/15
156,1,14,Tulley,Eliet,Male,37,A3,Audi,2007,,Yabox,Assistant Media Planner,2251.23,,,2010/10/16
157,12,22,Davon,Blackster,Male,70,,,,,Yata,Legal Assistant,,,,2015/05/25
158,4,38,Raul,Utterson,Male,31,F-Series Super Duty,Ford,2017,,Tazzy,Technical Writer,3583.52,1,,2005/02/14
159,1,27,Kristi,Walsham,Female,76,C70,Volvo,2009,,Bubblemix,Help Desk Technician,,,,2007/10/13
160,10,7,Alla,Halson,Female,48,Town & Country,Chrysler,2002,,Innojam,Product Engineer,,,,2013/09/27
161,17,29,Lazaro,Mustill,Male,51,S-Series,Saturn,2010,,Topicblab,Legal Assistant,7863.62,,,2001/01/30
162,2,16,Georas,Worlock,Male,42,Savana 3500,GMC,1998,,Flipstorm,Programmer I,7507.2,,,2012/03/11
163,8,1,Kizzee,Stedell,Female,46,300TE,Mercedes-Benz,2019,error: Field 'thin' not found,Skyvu,Mechanical Systems Engineer,6999.9,,1,2000/11/09
164,10,27,Jeffie,Baldrick,Male,51,Envoy,GMC,2010,,Gevee,Senior Developer,5780.82,,,2013/10/24
165,6,28,Jamie,Matherson,Male,68,F150,Ford,2010,,Blogspan,Chemical Engineer,2102.02,,,2003/05/28
166,8,29,Trisha,Tingle,Female,49,,,,,JumpXS,Operator,2463.14,,,2015/12/05
167,3,18,Janaya,Berrane,Female,64,Grand Prix,Pontiac,2007,,Jabbersphere,Environmental Tech,7357.14,,,2019/09/05
168,3,11,Maddie,Fallis,Female,33,CL-Class,Mercedes-Benz,2003,,Skyble,Quality Engineer,,,,2015/11/15
169,3,9,Archy,Santoro,Male,53,,,,,Roombo,Staff Accountant I,5237.77,,,2004/06/25
170,8,8,Jeremias,Bains,Male,66,GS,Lexus,2010,error: Field 'thin' not found,Muxo,Accounting Assistant I,2437.77,,1,2014/10/30
171,6,17,Lorne,Stickels,Female,68,,,,,Yakidoo,Desktop Support Technician,2822.92,,,2015/10/06
172,17,14,Jody,Hilhouse,Male,57,GTI,Volkswagen,2010,,Realpoint,Data Coordiator,6015.84,,,2005/09/15
173,15,32,Marion,Guitel,Female,40,Mazdaspeed6,Mazda,2004,,Yata,Nurse Practicioner,6570.19,,,2001/04/19
174,14,10,Hildagarde,Stenton,Female,60,,,,,Geba,Software Test Engineer I,,2,,2000/07/21
175,12,6,Arda,McNaught,Female,78,CL,Acura,2015,,Youspan,Paralegal,5238.95,,,2006/10/25
176,16,10,Sissie,Benwell,Female,64,Skyhawk,Buick,2001,,,,,1,,2016/06/14
177,12,20,Ernestine,Purchall,Female,64,,,,Gato,Talane,Administrative Officer,,2,1,2015/02/28
178,9,12,Clare,Cushion,Male,41,,,,Gato,Devcast,Graphic Designer,,,1,2001/12/21
179,15,26,Celia,Spiers,Female,38,Acadia,GMC,2006,,,,3815.98,1,,2004/11/14
180,16,10,Marcela,Paulig,Female,73,IS,Lexus,2001,,Blognation,Pharmacist,7374.01,,,2009/08/01
181,1,7,Keelia,Grimwood,Female,46,Town & Country,Chrysler,2015,,Plambee,Administrative Officer,,1,,2010/01/07
182,5,7,Artus,Buckwell,Male,74,,,,,Topiczoom,Payment Adjustment Coordinator,7182.09,,,2005/04/25
183,6,11,Bryna,Pilger,Female,46,Crown Victoria,Ford,2001,Gato,Fivechat,Environmental Specialist,4899.72,,1,2008/11/09
184,14,12,Alford,Sykora,Male,59,Town & Country,Chrysler,2008,,Fliptune,VP Product Management,,,,2008/08/31
185,6,5,Udall,Madill,Male,62,GTO,Mitsubishi,2014,,Ooba,Staff Scientist,3364.12,1,,2010/06/25
186,8,10,Eadith,Zebedee,Female,37,,,,,,,2758.78,,,2011/09/16
187,17,27,Karrah,Gianotti,Female,66,940,Volvo,2004,,Linkbridge,Geological Engineer,3818.9,,,2002/05/23
188,3,26,Suzanna,Kornilov,Female,25,,,,error: Field 'thin' not found,Zoombeat,Clinical Specialist,,,1,2017/01/15
189,10,1,Zitella,Dargan,Female,40,,,,,Dabfeed,Geologist III,6231.57,,,2016/04/22
190,12,29,Toby,Rois,Male,74,,,,,Meejo,Occupational Therapist,,,,2017/04/19
191,11,26,Janine,Riehm,Female,61,,,,,Skibox,Cost Accountant,4903.02,,,2018/12/10
192,7,23,Cassandre,Brunsen,Female,36,L-Series,Saturn,1998,,Myworks,Media Manager IV,4757.09,,,2007/02/14
193,2,7,Odey,Conibere,Male,53,F250,Ford,2009,,BlogXS,VP Product Management,,,,2000/11/12
194,15,28,Belle,Coombe,Female,37,,,,,Gabvine,Software Engineer IV,5510.59,1,,2002/05/25
195,15,35,Dorothy,Willishire,Female,80,Savana 3500,GMC,2005,,Viva,Recruiting Manager,3952.32,1,,2010/04/08
196,4,6,Jacinta,McGeraghty,Female,39,911,Porsche,2009,,Skipstorm,Environmental Tech,5734.2,2,,2018/10/15
197,13,5,Inna,Janouch,Female,32,Excel,Mitsubishi,2000,,Shuffletag,Clinical Specialist,6509.06,,,2019/09/09
198,7,17,Bryant,Bernli,Male,38,,,,error: Field 'thin' not found,Feednation,Recruiter,5101.93,2,1,2003/01/02
199,11,36,Vilma,Schimpke,Female,29,Tribute,Mazda,2009,,Realblab,Programmer IV,4068.5,1,,2005/01/23
200,12,8,Alan,Sheldon,Male,30,Vandura 3500,GMC,2010,,Photojam,Graphic Designer,3504.45,,,2018/08/21
201,7,21,Frederica,Comellini,Female,73,GTI,Volkswagen,2011,,Flipopia,Assistant Media Planner,3766.77,,,2005/10/27
202,14,11,Tyson,Dedam,Male,70,,,,,Yadel,Office Assistant II,2744.79,,,2017/08/01
203,8,13,Mollie,Brann,Female,65,,,,,Quinu,Environmental Specialist,,,,2009/12/10
204,6,17,Rochelle,Geekie,Female,51,Grand Am,Pontiac,2012,,Gigaclub,Senior Developer,4348.19,,,2010/10/19
205,6,9,Scarface,Mardell,Male,41,Riviera,Buick,2010,,Youfeed,Systems Administrator I,5920.58,,,2014/12/19
206,9,10,Samuele,Littledyke,Male,66,,,,,Mydeo,Environmental Tech,,,,2010/01/11
207,2,2,Arlana,Cluely,Female,71,,,,,Rhynoodle,Information Systems Manager,,,,2005/01/25
208,3,25,Alikee,Mockes,Female,62,Express 2500,Chevrolet,2009,,Roomm,Recruiting Manager,,,,2002/09/27
209,4,33,Rey,Sweeny,Male,75,Yukon XL 2500,GMC,2010,,Linkbuzz,Senior Financial Analyst,3923.93,,,2012/10/11
210,13,29,Zeb,McClory,Male,50,,,,,Edgeblab,Assistant Professor,5519.71,,,2003/02/11
211,13,15,Berti,Macveigh,Female,55,Starion,Mitsubishi,2010,,Meevee,Media Manager II,5390.63,,,2017/08/14
212,6,30,Margaux,Wickson,Female,48,,,,,Feedbug,Staff Scientist,4786.87,,,2013/02/10
213,14,19,Callie,Corson,Female,66,MPV,Mazda,2007,,Jamia,Web Designer III,3551.42,,,2009/07/27
214,16,17,Shell,Treuge,Female,75,,,,,Rhyloo,Technical Writer,3359.13,,,2019/08/10
215,14,23,Shelley,Bogue,Male,61,,,,,Minyx,Biostatistician II,,,,2002/12/01
216,15,24,Michail,Hopfer,Male,50,Gallardo,Lamborghini,1999,Cachorro,Edgeclub,Budget/Accounting Analyst IV,3758.78,,1,2010/10/08
217,16,4,Kala,Noke,Female,51,,,,error: Field 'thin' not found,Yata,Senior Editor,4786.81,2,1,2009/01/28
218,10,16,Mateo,Swaton,Male,36,Accent,Hyundai,2016,,Chatterpoint,Chief Design Engineer,5828.5,,,2006/07/16
219,5,25,Taddeusz,Bourcq,Male,46,Leganza,Daewoo,2017,,Twiyo,Data Coordiator,7016.97,,,2001/06/07
220,7,8,Elbertine,Kaesmans,Female,74,Range Rover,Land Rover,2008,,Plambee,Dental Hygienist,,,,2007/05/11
221,4,21,Inge,Orrom,Female,28,,,,,Topicblab,Database Administrator II,7117.56,,,2003/04/29
222,5,11,Alix,Dell'Abbate,Male,32,Crown Victoria,Ford,2017,Cachorro,Yakijo,Community Outreach Specialist,,,1,2010/12/13
223,15,25,Gerty,Walder,Female,48,E-Class,Mercedes-Benz,1998,error: Field 'thin' not found,Vipe,Help Desk Operator,5530.81,,1,2003/06/14
224,10,4,Toby,Posnette,Male,61,Sonoma Club Coupe,GMC,2017,,Browsetype,Professor,5665.45,,,2018/02/01
225,16,36,Gardiner,Marlowe,Male,27,MR2,Toyota,2012,,Leenti,Registered Nurse,5732.05,,,2004/11/15
226,1,30,Lewiss,Avery,Male,70,Charger,Dodge,2001,,Reallinks,Sales Representative,5958.24,,,2014/04/10
227,10,18,Lalo,Monckman,Male,49,,,,,Zooxo,VP Marketing,4791.17,,,2005/12/17
228,9,19,Quinn,Mathelon,Male,67,Accent,Hyundai,2018,,Flipopia,Senior Quality Engineer,,,,2008/12/22
229,4,22,Booth,Roberts,Male,76,FX,Infiniti,2002,,Plajo,Community Outreach Specialist,,1,,2003/07/19
230,14,13,Jonathan,Duffield,Male,63,,,,,Photobug,Recruiter,,,,2014/11/18
231,11,24,Allan,Munton,Male,41,A6,Audi,2004,,Brightdog,Statistician II,,,,2001/05/29
232,3,33,Rupert,Willoughway,Male,77,Passat,Volkswagen,2017,,Jabberbean,Design Engineer,2934.18,,,2013/08/27
233,9,24,Sumner,Gregson,Male,80,9-5,Saab,2004,,Linkbridge,Senior Quality Engineer,2110.07,,,2020/01/16
234,8,34,Theresa,Hele,Female,80,,,,,,,3875.43,,,2001/09/15
235,11,27,Dunn,Woodyatt,Male,32,FJ Cruiser,Toyota,1999,,Devify,Mechanical Systems Engineer,7334.19,,,2002/05/23
236,9,1,Tarra,Fahy,Female,72,SL-Class,Mercedes-Benz,2009,,Thoughtmix,Computer Systems Analyst II,3319.73,,,2016/01/04
237,7,16,Arley,Sturr,Male,58,MDX,Acura,1998,,Tazzy,Senior Sales Associate,2209.11,,,2001/07/31
238,4,11,Patty,Floch,Male,78,Paseo,Toyota,2019,,Wordtune,Information Systems Manager,,,,2002/04/23
239,10,23,Evangelin,Sunman,Female,50,MKX,Lincoln,2007,,Wikizz,Nuclear Power Engineer,5350.91,,,2013/02/10
240,11,34,Harrietta,Cobden,Female,41,,,,,Tagfeed,Help Desk Operator,,,,2018/05/11
241,11,26,Pat,Kiellor,Female,35,,,,,Voonder,GIS Technical Architect,4994.26,,,2019/08/29
242,3,2,Griffith,Rugiero,Male,63,,,,,Geba,Senior Financial Analyst,3461.72,,,2002/08/15
243,9,30,Avrit,Thing,Female,57,,,,,Trudeo,Marketing Manager,4136.94,,,2002/06/07
244,1,26,Yanaton,Lowsely,Male,50,Century,Buick,2001,,Quire,Research Assistant IV,5428.73,,,2010/09/05
245,4,19,Gerda,MacDearmid,Female,47,Sienna,Toyota,2018,,Pixoboo,Senior Developer,,2,,2004/04/25
246,12,4,Neal,Widmore,Male,30,,,,,Flipstorm,Research Nurse,6469.61,,,2001/09/07
247,11,6,Cad,Kaes,Male,51,,,,,Shuffledrive,Web Developer III,4678.03,,,2017/01/29
248,14,6,Lidia,Arrol,Female,71,Swift,Suzuki,2001,,Myworks,Database Administrator IV,4042.94,,,2016/06/08
249,10,28,Raff,Habbin,Male,35,Grand Prix,Pontiac,2003,,Aivee,Budget/Accounting Analyst II,7009.86,,,2015/05/11
250,2,15,Sol,Lavalde,Male,45,S40,Volvo,2006,,Rhybox,Recruiting Manager,3974.61,,,2018/07/21
251,5,7,Merry,Jeaffreson,Female,34,Tahoe,Chevrolet,1998,Gato,Buzzbean,VP Sales,,,1,2006/02/20
252,9,7,Codie,Usher,Male,74,,,,,Myworks,Marketing Assistant,5599.79,,,2015/09/14
253,12,5,Jori,Klehn,Female,30,RSX,Acura,2012,Cachorro,Jaloo,Recruiter,2283.42,,1,2005/08/17
254,3,21,Leighton,De Ath,Male,59,,,,,Yamia,Senior Editor,,,,2017/09/22
255,3,21,Samuel,Stickins,Male,67,Starion,Mitsubishi,2011,,BlogXS,Director of Sales,3475.35,1,,2008/06/21
256,7,30,Neala,Josephoff,Female,37,Diamante,Mitsubishi,2011,,Mybuzz,Senior Financial Analyst,4327.93,,,2012/04/25
257,17,10,Bengt,Claffey,Male,51,Countach,Lamborghini,2004,,Yakijo,Nurse,4335.71,,,2015/09/30
258,5,12,Lissie,Biddle,Female,78,Ciera,Oldsmobile,2008,,Riffpedia,Clinical Specialist,,,,2003/02/06
259,16,11,Darby,Osbaldstone,Female,29,,,,,Quatz,Software Engineer II,3140.4,,,2005/09/27
260,16,7,Traver,Skirrow,Male,53,,,,,Vimbo,Geologist III,6279.85,,,2012/03/17
261,7,7,Constantine,Ianetti,Male,64,XJ,Jaguar,2000,,Bluejam,Health Coach I,5259.31,,,2013/04/05
262,7,8,Natalya,Morrish,Female,33,Eldorado,Cadillac,1998,,Trunyx,Human Resources Assistant IV,3664.7,2,,2013/07/26
263,12,5,Roderick,Tofano,Male,46,M-Class,Mercedes-Benz,2010,,Babbleset,Research Assistant IV,4272.48,,,2008/04/11
264,4,35,Rufus,Sabine,Male,32,,,,,Zooxo,Staff Scientist,6263.25,,,2012/09/14
265,1,22,Christos,Dunsire,Male,72,Sportvan G20,Chevrolet,2010,,Feedfire,VP Quality Control,,,,2016/09/19
266,5,33,Merola,Clapham,Female,44,,,,,Twimbo,Nuclear Power Engineer,,,,2017/11/16
267,11,32,Lona,Agott,Female,65,,,,,Devcast,Cost Accountant,,,,2019/06/13
268,12,6,Fons,McGown,Male,62,Range Rover,Land Rover,2019,,Gabcube,VP Marketing,3026.96,,,2004/11/30
269,9,29,Huey,Dowsey,Male,79,,,,,DabZ,Internal Auditor,4852.89,,,2007/03/05
270,6,8,Craggy,Ayre,Male,37,,,,,Quinu,Software Test Engineer IV,,,,2004/06/15
271,16,30,Humfried,Gaspero,Male,72,,,,,Skyvu,Paralegal,7482.28,,,2003/06/20
272,11,20,Charlot,Acreman,Female,32,Cougar,Mercury,2008,,Realpoint,Accountant III,7498.04,,,2015/04/13
273,16,36,Bondon,Sutor,Male,37,,,,,Kare,Quality Engineer,,,,2015/02/03
274,2,36,Robbyn,Aslet,Female,48,Cougar,Mercury,2019,,Devpoint,Marketing Assistant,7137.01,,,2004/06/04
275,2,34,Loraine,Bayford,Female,47,,,,,Trupe,Research Nurse,5949.09,,,2015/11/14
276,5,21,Bowie,Barnewille,Male,69,,,,,Youspan,Senior Cost Accountant,6917.35,,,2013/08/28
277,2,8,Zachery,Delieu,Male,68,Ram 1500,Dodge,2015,,Photospace,VP Sales,7101.24,,,2014/12/23
278,3,21,Rosa,Fearenside,Female,65,,,,,Zoozzy,Geological Engineer,,,,2013/08/22
279,5,13,Margie,Gutch,Female,49,Catera,Cadillac,2003,,Janyx,Assistant Professor,7922.71,2,,2001/12/15
280,12,4,Amara,Revill,Female,31,G5,Pontiac,2008,,Voonix,Senior Quality Engineer,5942.47,,,2016/12/14
281,4,24,Sherman,Jerche,Male,32,Chariot,Mitsubishi,2000,,Izio,Research Nurse,,,,2010/04/16
282,16,18,Prentiss,Fosher,Male,36,,,,,Myworks,Research Associate,2256.21,,,2019/12/09
283,2,10,Dermot,Sposito,Male,35,Bravada,Oldsmobile,2000,,Yodel,Staff Scientist,6572.4,,,2006/09/17
284,17,24,Eunice,Boud,Female,66,,,,,Trupe,Social Worker,,2,,2001/04/19
285,1,32,Regine,Anthill,Female,39,,,,error: Field 'thin' not found,Shuffledrive,Help Desk Operator,2139.25,,1,2018/02/14
286,13,4,Elsbeth,Brehaut,Female,64,4Runner,Toyota,2006,,Fanoodle,Safety Technician II,,,,2016/03/27
287,17,5,Julee,Everington,Female,73,,,,,Mynte,Operator,2837.58,2,,2004/09/20
288,6,37,Iolanthe,Tompsett,Female,38,Endeavor,Mitsubishi,2006,,Cogibox,Recruiter,6563.95,,,2015/11/09
289,11,15,Aileen,Atchly,Female,36,,,,Cachorro,Skilith,Legal Assistant,5952.1,,1,2010/10/16
290,9,31,Myrna,Gaenor,Female,60,J,Infiniti,2002,error: Field 'thin' not found,Skyba,Geological Engineer,4255.22,,1,2009/06/07
291,5,14,Cicely,Haverty,Female,66,Dakota Club,Dodge,2017,,Zoomzone,Occupational Therapist,6352.41,,,2011/10/16
292,8,20,Franchot,O'Hanlon,Male,69,,,,error: Field 'thin' not found,Layo,General Manager,,1,1,2001/05/23
293,10,30,Gaylord,Trundell,Male,55,,,,,Gabspot,Cost Accountant,4026.2,,,2015/08/29
294,3,6,Raf,Bassingham,Female,62,Navigator,Lincoln,2001,,Browseblab,Cost Accountant,2525.47,,,2007/03/15
295,12,27,Micaela,Ceillier,Female,61,Lucerne,Buick,2014,,Eabox,VP Marketing,,,,2005/04/20
296,4,36,Lucias,O'Dee,Male,71,Cougar,Mercury,2016,,Realfire,Analog Circuit Design manager,,,,2001/04/01
297,3,37,Bianca,Gouth,Female,64,B-Series Plus,Mazda,1999,,Yakidoo,Electrical Engineer,3956.59,,,2017/04/22
298,11,12,Gilles,Einchcombe,Male,53,LTD Crown Victoria,Ford,2006,,Yakidoo,Account Executive,,,,2019/08/20
299,12,23,Romeo,Poytheras,Male,55,,,,,JumpXS,Research Nurse,3671.9,,,2009/09/19
300,17,7,Vick,Tollerfield,Male,33,Villager,Mercury,2012,Cachorro,Twimbo,Accounting Assistant IV,4662.98,,1,2009/08/01
301,2,29,Ermengarde,Boagey,Female,43,,,,,Oozz,Accountant I,2035.27,,,2004/08/30
302,8,36,Jobye,Donovin,Female,45,525,BMW,2016,,Vipe,Registered Nurse,5556.39,1,,2019/02/13
303,1,22,Fionna,Brane,Female,67,,,,,Zazio,Senior Cost Accountant,7200.23,,,2011/09/12
304,1,9,Fredek,Hordle,Male,71,,,,,Jabbercube,Senior Financial Analyst,6641.63,,,2005/07/21
305,1,37,Bernelle,Baterip,Female,36,ZDX,Acura,2006,,,,,,,2004/10/01
306,1,38,Chauncey,Liff,Male,55,Bronco,Ford,2007,,Babbleset,Nurse Practicioner,6808.69,,,2009/07/03
307,15,13,Quintilla,Achrameev,Female,77,Element,Honda,2006,,,,7921.6,1,,2002/11/07
308,4,32,Friedrick,Cardus,Male,59,Accord Crosstour,Honda,2010,error: Field 'thin' not found,Realbuzz,Senior Cost Accountant,,,1,2012/12/12
309,10,4,Krishnah,Phalp,Male,42,,,,,Skilith,Electrical Engineer,2784.93,,,2008/04/04
310,1,33,Anton,Wraighte,Male,29,Park Avenue,Buick,2007,,Trilia,Marketing Assistant,,,,2001/12/24
311,4,16,Johannah,Waddup,Female,57,929,Mazda,2018,,Flashpoint,Accounting Assistant II,6765.3,,,2010/09/29
312,5,30,Philis,Starford,Female,47,,,,,,,4856.66,,,2016/07/30
313,8,2,Wren,Smogur,Female,56,,,,,Ainyx,Software Engineer II,6753.27,,,2006/04/01
314,3,37,Kirby,McInnerny,Male,54,,,,,Blogtags,Financial Analyst,6517.53,,,2001/06/23
315,17,21,Bearnard,Redmile,Male,42,,,,,Zoonder,Cost Accountant,2288.12,,,2007/02/17
316,8,21,Emmalyn,Scott,Female,65,,,,,Twitterlist,Structural Analysis Engineer,,,,2009/11/22
317,10,38,Wileen,Wrate,Female,31,Silverado 2500,Chevrolet,2012,error: Field 'thin' not found,Rhyloo,VP Quality Control,3631.38,,1,2002/05/12
318,1,6,Drud,Timms,Male,30,,,,,Twimbo,Actuary,2640.21,2,,2008/01/20
319,4,16,Alejandro,Balleine,Male,37,,,,,Gigabox,Senior Editor,3518.32,,,2008/10/22
320,17,14,Evania,Wastling,Female,51,,,,,Voolith,Design Engineer,2257.5,,,2007/02/11
321,3,18,Ezri,Attenbrough,Male,44,Town Car,Lincoln,1999,,LiveZ,Accounting Assistant IV,7658.6,,,2007/04/23
322,9,25,Lloyd,Artharg,Male,59,,,,Gato,Tagcat,Web Developer III,2489.96,,1,2017/12/16
323,1,32,Romola,Hacking,Female,48,Town & Country,Chrysler,1998,Cachorro,Babbleblab,Internal Auditor,7238.13,,1,2015/05/02
324,1,33,Buddy,Beggin,Male,51,,,,,Teklist,VP Accounting,6253.75,,,2007/05/01
325,1,4,Abramo,Lympany,Male,59,,,,,Ailane,Software Engineer III,5345.55,,,2009/03/03
326,12,10,Suzanne,Forbear,Female,66,Aura,Saturn,2011,,Kazu,Recruiting Manager,3720.49,,,2013/01/25
327,10,10,Konstanze,Gare,Female,71,Sierra 1500,GMC,2005,,Thoughtbeat,Cost Accountant,2930.32,,,2018/05/07
328,16,37,Corri,McCoveney,Female,44,,,,,Zooxo,VP Product Management,6812.17,2,,2013/03/30
329,10,21,Jasun,Blaver,Male,78,Fusion,Ford,2000,,Thoughtmix,Civil Engineer,7100.59,2,,2009/04/11
330,11,9,Booth,Moss,Male,38,,,,,,,7848.56,,,2002/05/27
331,2,31,Lynelle,Singleton,Female,67,,,,error: Field 'thin' not found,Browseblab,Database Administrator IV,,,1,2020/02/21
332,17,37,Melitta,Sarjeant,Female,77,SLK-Class,Mercedes-Benz,2005,,Bubblebox,Recruiter,,,,2008/07/23
333,17,2,Niki,Le Prevost,Male,54,F150,Ford,2003,,Shuffletag,Physical Therapy Assistant,6312.67,,,2009/09/01
334,7,24,Gnni,Scannell,Female,31,LeSabre,Buick,2017,error: Field 'thin' not found,Youspan,Speech Pathologist,2497.12,,1,2016/11/26
335,11,24,Urbano,Edmand,Male,48,F-Series,Ford,2010,,Kazio,Food Chemist,4283.1,,,2019/11/08
336,12,28,Corie,Cato,Female,41,,,,error: Field 'thin' not found,Janyx,Civil Engineer,3974.32,,1,2000/09/04
337,8,32,Bradney,Nickols,Male,55,,,,,Youfeed,Senior Sales Associate,,,,2004/04/12
338,6,20,Nonah,Olesen,Female,78,Trooper,Isuzu,2003,,,,7049.49,,,2011/06/17
339,9,6,Tyne,Tiesman,Female,69,M3,BMW,2015,,Mynte,Operator,4848.91,,,2010/10/16
340,9,29,Christan,Skerman,Female,48,,,,,Zava,Senior Sales Associate,2324.63,,,2004/04/29
341,6,33,Lynnett,Nevison,Female,27,Grand Cherokee,Jeep,2016,,Jayo,Legal Assistant,4455.45,,,2005/11/20
342,10,35,Ewell,Lamperti,Male,64,Taurus,Ford,2001,,Ozu,Safety Technician IV,6941.34,2,,2009/11/10
343,11,2,Sammy,Tewelson,Female,45,,,,,Riffwire,Database Administrator II,,1,,2013/04/03
344,1,32,Izabel,Bathurst,Female,39,,,,,Thoughtstorm,Technical Writer,7974.7,1,,2006/10/20
345,7,10,Chase,Brangan,Male,47,Sonata,Hyundai,2017,,Latz,Dental Hygienist,6118.02,,,2007/11/24
346,4,6,Pincus,Aylwin,Male,72,M Roadster,BMW,2002,,Zoombeat,Payment Adjustment Coordinator,7462.04,,,2011/01/16
347,3,35,Melody,Strode,Female,70,,,,,Ailane,General Manager,5798.14,,,2006/08/24
348,15,24,Andreana,Fann,Female,55,Intrigue,Oldsmobile,2012,,BlogXS,Registered Nurse,2767.11,,,2008/12/20
349,5,19,Annora,Rustadge,Female,39,Element,Honda,2002,,Aibox,Quality Engineer,,,,2011/01/03
350,16,13,Jase,Malcolmson,Male,59,Skyhawk,Buick,2016,,Tanoodle,Speech Pathologist,7159.98,2,,2009/09/04
351,8,19,Clark,Romero,Male,63,LR3,Land Rover,2003,,Talane,Geologist IV,2184.79,,,2008/03/21
352,12,2,Osbert,Gieraths,Male,71,62,Maybach,2012,,Realpoint,Director of Sales,4500.82,,,2006/03/27
353,8,38,Ann,Biddell,Female,63,Sable,Mercury,2002,,Quimm,Professor,,,,2016/07/20
354,1,15,Carey,Strathdee,Female,42,Range Rover,Land Rover,1999,,Edgepulse,Human Resources Assistant IV,3917.1,,,2013/06/11
355,7,37,Barney,Skrines,Male,61,QX,Infiniti,2013,,Gevee,Budget/Accounting Analyst I,6870.37,2,,2012/07/25
356,5,10,Lonnie,Upston,Male,44,Silverado 3500,Chevrolet,2020,,Eayo,Electrical Engineer,3567.18,,,2013/06/14
357,3,2,Worthington,Cisar,Male,35,Range Rover,Land Rover,2004,error: Field 'thin' not found,Vinder,Assistant Media Planner,7801.12,,1,2001/06/18
358,15,7,Sawyere,Accombe,Male,69,Esprit,Lotus,2005,,Plambee,Product Engineer,7666.42,,,2002/07/24
359,11,9,Lurleen,Brassill,Female,46,SLX,Acura,2001,,Zava,Staff Scientist,6769.68,,,2006/07/22
360,8,3,Osbourne,Tuff,Male,64,Express 1500,Chevrolet,2001,,Zazio,Payment Adjustment Coordinator,6685.21,,,2001/07/09
361,1,27,Jeffy,Pergens,Male,59,330,BMW,2013,,Quimba,Director of Sales,3813.43,,,2010/03/14
362,15,14,Wit,Sommerton,Male,55,Q5,Audi,2007,,Gigabox,Computer Systems Analyst IV,4331.12,,,2016/07/21
363,15,13,Maighdiln,Doodney,Female,56,,,,,,,7053.35,2,,2002/12/25
364,17,4,Ali,Tinghill,Male,30,,,,,Kimia,Dental Hygienist,7771.04,,,2007/10/02
365,8,23,Yolande,Scotti,Female,46,,,,,Vidoo,Assistant Manager,2821.32,,,2008/10/03
366,7,3,Berton,Tebbett,Male,41,,,,,Thoughtbridge,VP Quality Control,3084.72,,,2002/11/26
367,14,30,Cecily,Pycock,Female,71,,,,,Zoomlounge,Analog Circuit Design manager,,,,2008/01/29
368,10,5,Zach,Element,Male,40,Grand Vitara,Suzuki,2015,,Aibox,Office Assistant IV,2328.68,,,2003/06/23
369,3,19,Caressa,Hellin,Female,49,Grand Vitara,Suzuki,2008,,Leexo,Payment Adjustment Coordinator,,,,2005/07/08
370,8,25,Chas,Millichap,Male,68,Miata MX-5,Mazda,2011,,Shufflester,Chemical Engineer,2712.99,,,2002/12/18
371,10,6,Shandee,Clemoes,Female,44,,,,error: Field 'thin' not found,Livetube,Senior Cost Accountant,3046.51,,1,2001/02/17
372,7,31,Emanuele,Leverage,Male,59,,,,,Twitterwire,Pharmacist,2012.74,,,2007/10/23
373,2,13,Sonnie,Kubista,Male,27,Wrangler,Jeep,2020,,Kwilith,Clinical Specialist,4061.8,2,,2003/09/05
374,11,3,Kikelia,Blouet,Female,72,,,,,Trilia,Programmer III,5749.02,,,2006/05/01
375,2,32,Alair,Wolfendale,Male,33,,,,,Jabberstorm,Chemical Engineer,4233.19,,,2019/09/14
376,3,14,Bartolemo,Bettridge,Male,67,Aerostar,Ford,1998,,Trudoo,Financial Analyst,2146.73,,,2008/08/28
377,6,1,Oralle,Bryde,Female,25,,,,,Oozz,Product Engineer,4245.25,,,2015/02/15
378,17,16,Clem,Kleeborn,Male,72,Mighty Max,Mitsubishi,1998,,Fivechat,Nurse,2025.36,,,2004/08/30
379,8,23,Eliza,Bullough,Female,65,,,,,Feedfire,Graphic Designer,4184.16,,,2018/11/16
380,3,36,Mel,Brownsmith,Female,48,,,,,,,6156.04,,,2013/12/11
381,9,9,Marjory,Sondland,Female,26,Ram 3500,Dodge,2008,,Quimm,Assistant Media Planner,,,,2003/09/06
382,11,20,Octavius,Episcopi,Male,47,SVX,Subaru,2017,,Ooba,General Manager,,,,2018/07/11
383,7,31,Blakeley,Ruslinge,Female,25,Wrangler,Jeep,1998,,Twitterbeat,Technical Writer,6517.29,,,2018/11/13
384,1,37,Chicky,Le Pine,Male,80,,,,,Livefish,General Manager,,,,2007/07/05
385,14,17,Gard,Ghidelli,Male,26,Roadmaster,Buick,2018,,,,7431.77,,,2003/03/25
386,17,14,Bambie,Burnet,Female,53,Yukon,GMC,1999,error: Field 'thin' not found,,,5101.66,,1,2017/01/02
387,12,21,Brigitta,McGann,Female,42,,,,,Plambee,Web Developer III,3097.91,,,2019/11/24
388,13,28,Antonietta,Basketfield,Female,46,Ram 1500 Club,Dodge,1998,,Midel,Administrative Officer,,,,2018/09/11
389,1,37,Lesly,Rupprecht,Female,68,,,,,Brainsphere,Analyst Programmer,6483.77,,,2008/08/09
390,12,35,Brok,Sedgefield,Male,33,Suburban,Chevrolet,2003,,Yabox,General Manager,2005.29,,,2011/07/04
391,7,15,Tito,Pitcaithley,Male,63,ES,Lexus,2005,,Livetube,Statistician I,7334.45,,,2003/07/30
392,14,28,Rosabel,Wheal,Female,36,Ranger,Ford,2016,,Gabspot,General Manager,7708.18,,,2013/04/08
393,8,33,Otis,Gebbe,Male,45,,,,Cachorro,Youspan,Geological Engineer,6149.02,,1,2011/08/14
394,3,10,Kimberli,Iorns,Female,28,A8,Audi,2000,,Ailane,Biostatistician I,3850.21,,,2020/01/11
395,7,32,Jo,Polini,Female,42,,,,,Abata,Speech Pathologist,3824.28,,,2012/10/07
396,11,23,Dagmar,Rentoll,Female,77,Grand Cherokee,Jeep,2010,,Rhynoodle,Internal Auditor,4089.69,,,2006/01/09
397,10,22,Devonna,Nerne,Female,37,Park Avenue,Buick,2020,,Babblestorm,Assistant Professor,5725.03,1,,2001/07/27
398,4,17,Enrique,Pharro,Male,53,,,,Gato,Thoughtbeat,Help Desk Operator,5619.32,2,1,2006/07/10
399,10,11,Harrietta,Geyton,Female,75,E-Class,Mercedes-Benz,2002,,Yakijo,Recruiter,6766.12,,,2000/07/21
400,14,15,Ianthe,Giraldez,Female,47,,,,,Blognation,Developer I,4279.16,1,,2008/07/03
401,16,29,Ilsa,Ilieve,Female,42,Savana,GMC,2005,,Jayo,Occupational Therapist,,,,2006/08/11
402,2,24,Drake,Craister,Male,41,M Roadster,BMW,2015,,Buzzster,GIS Technical Architect,4899.42,,,2002/09/22
403,16,22,Stanton,Belfitt,Male,60,Seville,Cadillac,2013,error: Field 'thin' not found,Eire,Nuclear Power Engineer,6083.21,,1,2013/03/07
404,3,8,Lezley,Moxstead,Male,56,Bronco,Ford,2015,,Feedfish,Nurse Practicioner,,2,,2011/10/30
405,3,34,Dinah,Stolworthy,Female,59,,,,,Eadel,Statistician IV,5595.66,1,,2001/03/30
406,8,35,Any,Morch,Male,54,Vandura G1500,GMC,2004,,Mybuzz,Director of Sales,7500.07,2,,2011/05/28
407,5,37,Moe,Gunson,Male,67,,,,,Agivu,Recruiter,6405.41,,,2008/06/26
408,2,29,Briney,Bertson,Female,58,CR-V,Honda,2011,,Gigashots,Accounting Assistant III,5545.02,,,2003/02/09
409,6,8,Stacia,Girogetti,Female,45,,,,,Camimbo,Human Resources Assistant II,,,,2005/06/01
410,10,7,Babs,Grimsdike,Female,72,Tahoe,Chevrolet,2015,Gato,Flashspan,Pharmacist,2604.74,2,1,2010/01/24
411,4,17,Dicky,Schrinel,Male,77,Precis,Mitsubishi,2018,error: Field 'thin' not found,Photobean,Analog Circuit Design manager,5934.55,1,1,2003/08/12
412,14,10,Holt,Alexander,Male,80,,,,,Meembee,Business Systems Development Analyst,3727.08,,,2015/05/25
413,11,34,Gavra,Parsand,Female,30,Reatta,Buick,2011,,Skyndu,Human Resources Manager,5987.95,,,2020/02/19
414,15,24,Brennen,Gresty,Male,76,,,,,Edgetag,Human Resources Manager,6395.14,,,2019/11/05
415,15,29,Abigail,Imrie,Female,78,G35,Infiniti,2008,,Oyoyo,Chief Design Engineer,2256.0,,,2007/03/30
416,13,23,Ernestus,Woofendell,Male,39,Tempo,Ford,2001,error: Field 'thin' not found,Realfire,Office Assistant I,6834.13,,1,2018/06/16
417,5,17,Annabel,Cribbin,Female,51,Titan,Nissan,2009,,Fivespan,Associate Professor,5579.2,2,,2005/08/10
418,7,9,Carrissa,Brownell,Female,27,Protege,Mazda,2005,error: Field 'thin' not found,Edgetag,Community Outreach Specialist,,1,1,2002/03/17
419,2,23,Alie,Akerman,Female,46,,,,,Browsedrive,Junior Executive,4194.79,,,2006/07/11
420,15,16,Broderick,Cutbirth,Male,45,,,,,InnoZ,Software Test Engineer IV,6742.41,,,2017/10/29
421,1,1,Agnese,Larchier,Female,76,98,Oldsmobile,2000,,Jabbercube,Speech Pathologist,2284.08,,,2017/04/28
422,9,16,Violetta,Rogan,Female,51,Alcyone SVX,Subaru,2010,,Gigabox,Dental Hygienist,,,,2002/02/27
423,3,33,Aurel,Stiff,Female,45,,,,,Centimia,Assistant Professor,7219.68,,,2009/01/14
424,1,26,Cordi,McElwee,Female,47,Range Rover Sport,Land Rover,1998,,Feednation,Staff Accountant III,,,,2016/04/29
425,7,20,Alanson,Annetts,Male,29,,,,,Eamia,Mechanical Systems Engineer,6117.97,,,2012/01/06
426,3,32,Heidie,Sweetman,Female,38,RX-7,Mazda,2002,,Youbridge,Quality Control Specialist,,2,,2017/08/19
427,6,31,Merv,Lofthouse,Male,75,SL-Class,Mercedes-Benz,2003,,Fivespan,Staff Scientist,6384.15,,,2014/07/21
428,8,5,Glenn,Whilder,Female,55,,,,,Tazz,VP Quality Control,3186.76,,,2007/01/23
429,17,37,Brooks,Pointer,Female,64,3500,Chevrolet,2015,,Fivespan,Sales Associate,7944.76,,,2013/10/07
430,16,8,Melva,Vatcher,Female,79,Tredia,Mitsubishi,2019,,Skalith,Paralegal,5612.33,,,2012/01/28
431,2,4,Lenci,Jurczik,Male,80,Escort,Ford,2013,,Innojam,Teacher,7803.85,,,2010/03/28
432,3,24,Eyde,Ruslinge,Female,53,Range Rover Sport,Land Rover,2016,,Roodel,Tax Accountant,5115.93,,,2016/06/18
433,17,35,Nicholas,Verrillo,Male,26,CL-Class,Mercedes-Benz,2019,,Gigaclub,Registered Nurse,,2,,2020/01/22
434,8,32,Kara-lynn,Sandels,Female,29,9-3,Saab,2020,error: Field 'thin' not found,Aivee,Librarian,2127.69,,1,2003/08/17
435,12,7,Aryn,Fortye,Female,70,,,,,,,6954.58,2,,2015/03/16
436,1,28,Wayne,Joder,Male,74,,,,,Feedfish,Programmer I,5445.21,,,2000/11/19
437,16,14,Benedikt,Thomas,Male,50,Range Rover Sport,Land Rover,2010,,Dazzlesphere,Director of Sales,3695.83,,,2012/10/03
438,5,14,Cristian,Dowgill,Male,68,CL-Class,Mercedes-Benz,2008,,Roombo,Junior Executive,4723.56,1,,2019/03/05
439,11,35,Maure,Martensen,Female,46,,,,,Minyx,Senior Cost Accountant,6459.07,,,2011/08/06
440,11,35,Morgan,Croyser,Female,62,,,,,Zoomzone,Director of Sales,2645.82,,,2016/06/20
441,7,31,Burch,Kestian,Male,66,,,,,Oyoloo,Administrative Officer,,1,,2002/06/20
442,5,27,Christiano,Heeks,Male,71,,,,,Kare,Senior Quality Engineer,6231.39,,,2016/12/23
443,17,36,Marthe,Folker,Female,48,,,,,Kwinu,Electrical Engineer,5804.56,,,2015/07/22
444,10,30,Gary,Barthelemy,Male,64,Millenia,Mazda,2003,error: Field 'thin' not found,Avavee,Food Chemist,4341.7,1,1,2013/02/04
445,11,32,Bartolemo,Oxenbury,Male,79,GTO,Mitsubishi,2000,,Twitterbeat,Technical Writer,7905.54,,,2016/05/26
446,6,5,Del,Tapley,Female,60,,,,error: Field 'thin' not found,Meembee,Environmental Specialist,,2,1,2008/06/29
447,6,28,Aron,Klemt,Male,79,xD,Scion,2017,,Yoveo,Financial Advisor,7567.85,,,2004/05/03
448,13,15,Norrie,Stell,Female,65,Country,Ford,2015,,Latz,Geologist II,,,,2006/07/20
449,4,12,Carrissa,McSporon,Female,27,Quattroporte,Maserati,2007,,Browsetype,Product Engineer,,,,2014/10/20
450,17,31,Griswold,Syrett,Male,64,,,,,Nlounge,Structural Engineer,2550.72,1,,2012/12/13
451,1,24,Joshia,Doag,Male,53,M3,BMW,2003,error: Field 'thin' not found,Zava,Director of Sales,5162.47,,1,2016/10/07
452,12,6,Mattie,Flemmich,Female,73,,,,,Demivee,Payment Adjustment Coordinator,6774.61,,,2015/03/31
453,17,29,Bard,Bigrigg,Male,66,MPV,Mazda,2011,,Cogidoo,Actuary,2414.27,,,2000/09/30
454,16,17,Collie,Karet,Female,35,,,,,Aimbo,Data Coordiator,,,,2012/08/24
455,15,15,Cirilo,Smalman,Male,70,RX,Lexus,2010,,Bubblebox,Social Worker,6948.82,1,,2012/05/03
456,14,11,Karoline,Bridden,Female,30,,,,,Gabcube,Human Resources Assistant II,4956.53,,,2009/09/21
457,4,30,Ardeen,Witling,Female,54,,,,,Gigashots,Staff Scientist,6474.66,,,2016/11/22
458,16,5,Finn,Fermor,Male,26,,,,,,,5491.5,,,2012/08/24
459,12,7,Datha,Diffley,Female,58,Civic,Honda,2002,,Skyba,Human Resources Assistant II,7208.32,,,2008/07/03
460,10,12,Bruis,Carder,Male,35,Ram,Dodge,2000,,Vipe,VP Marketing,2086.58,,,2004/07/02
461,3,36,Noemi,Yearn,Female,26,L-Series,Saturn,2014,Cachorro,Livefish,Clinical Specialist,2265.85,,1,2015/09/08
462,17,36,Rici,Membry,Female,72,MX-5,Mazda,2012,,Gigazoom,Executive Secretary,4697.34,,,2012/07/07
463,4,34,Pooh,Annand,Female,68,Sequoia,Toyota,2000,,Skinix,VP Quality Control,5951.17,,,2017/12/21
464,12,23,Paul,Pennaman,Male,33,MX-3,Mazda,2003,Cachorro,Topiclounge,VP Marketing,2992.05,,1,2014/06/11
465,7,33,Dora,Ubsdale,Female,66,,,,,Wordify,Electrical Engineer,,,,2015/01/07
466,4,5,Ardelia,Farrow,Female,72,,,,,Realblab,Project Manager,,,,2013/06/27
467,16,14,Sarina,Blenkinsopp,Female,43,M-Class,Mercedes-Benz,1999,,Yabox,Design Engineer,4644.38,,,2006/10/07
468,1,19,Alli,Golborn,Female,76,C/V,Ram,2018,,Tagfeed,Biostatistician III,6647.94,,,2004/04/22
469,7,11,Georgeta,Mannie,Female,62,,,,,Edgeclub,Engineer III,7563.76,,,2013/12/03
470,17,21,Armand,Kores,Male,31,EX,Infiniti,2020,,Brainbox,Chemical Engineer,,,,2011/07/20
471,7,16,Arlee,Mehaffey,Female,80,NSX,Acura,2011,,Youtags,Director of Sales,4937.25,,,2010/03/16
472,6,11,Clyve,Soall,Male,48,Scoupe,Hyundai,2017,,Tagtune,Librarian,5943.72,2,,2003/07/02
473,16,17,Lucian,Hexam,Male,67,Savana 1500,GMC,2008,error: Field 'thin' not found,Topicshots,Structural Analysis Engineer,5841.13,1,1,2005/10/02
474,7,6,Rene,Drakard,Male,37,Fairlane,Ford,2004,,DabZ,Structural Analysis Engineer,2224.88,1,,2005/12/10
475,16,21,Garey,Ferencowicz,Male,53,,,,,Agimba,Operator,2495.98,2,,2016/05/13
476,13,18,Nadean,Haverty,Female,54,88,Oldsmobile,2015,,Babbleset,Pharmacist,7296.05,,,2016/10/09
477,10,20,Delcine,Eagell,Female,64,Impala,Chevrolet,2003,,Zooxo,Design Engineer,2104.13,,,2015/04/30
478,13,6,Brett,Surgeoner,Male,52,Solara,Toyota,2018,,Babbleblab,Associate Professor,6945.63,1,,2009/07/12
479,2,24,Obidiah,Kittiman,Male,37,Sierra,GMC,2007,,Cogilith,Software Consultant,,,,2011/06/10
480,13,25,Gregorius,Whelan,Male,46,,,,,Topicstorm,Sales Representative,2073.68,,,2017/08/01
481,10,4,Cheslie,Wedon,Female,73,Express 1500,Chevrolet,2010,,Janyx,Automation Specialist I,,,,2006/09/25
482,4,32,Cordey,Edginton,Female,79,,,,,Wordware,Information Systems Manager,6774.61,2,,2004/03/09
483,14,1,Perry,Brumfitt,Female,55,Escalade ESV,Cadillac,2015,,Babblestorm,Assistant Professor,4340.89,,,2010/09/18
484,2,9,Richie,Yeo,Male,64,Sonata,Hyundai,2008,,Devpulse,GIS Technical Architect,4751.72,,,2004/07/08
485,11,1,Alix,Nibley,Female,32,Grand Cherokee,Jeep,2008,,Muxo,Legal Assistant,6829.21,,,2003/04/08
486,11,18,Kathlin,Divill,Female,32,Prelude,Honda,2018,,,,3857.28,,,2003/03/30
487,2,18,Olga,Corgenvin,Female,60,MPV,Mazda,1998,,Skajo,Pharmacist,2078.24,2,,2019/01/01
488,5,6,Isabelle,Brockbank,Female,37,LeMans,Pontiac,2016,,Dablist,VP Marketing,5596.74,,,2003/11/18
489,8,34,Rossie,Blanchflower,Male,53,,,,,Skivee,Social Worker,,2,,2019/05/18
490,9,17,Gerladina,Josham,Female,33,,,,,Skilith,Budget/Accounting Analyst I,7888.67,2,,2007/10/03
491,1,3,Amity,Gail,Female,29,7 Series,BMW,2014,,Aivee,Tax Accountant,2119.69,,,2005/01/14
492,12,11,Jewelle,Hiskey,Female,31,Town & Country,Chrysler,2016,,Ozu,VP Sales,,,,2006/01/03
493,3,38,Dall,Jumeau,Male,62,,,,error: Field 'thin' not found,Voolith,Staff Accountant II,4036.52,2,1,2017/12/03
494,10,30,Cameron,Straffon,Male,33,Eclipse,Mitsubishi,2005,,Jayo,Marketing Manager,7774.86,,,2002/02/23
495,5,5,Ainslee,Brankley,Female,62,,,,,Topicshots,Sales Representative,2783.23,,,2001/09/07
496,6,23,Zollie,Asplen,Male,66,,,,,Wikibox,Quality Engineer,5249.02,,,2008/09/12
497,14,2,Filide,Natalie,Female,68,Achieva,Oldsmobile,1998,,Zoozzy,GIS Technical Architect,3180.9,,,2006/10/04
498,6,28,Audrye,Yexley,Female,25,CR-Z,Honda,2004,,Thoughtblab,Account Representative IV,6697.28,,,2004/07/27
499,6,18,Rachele,Dike,Female,66,Corrado,Volkswagen,2012,,Oyoyo,GIS Technical Architect,7006.78,,,2017/12/26
500,13,33,Wendy,Nassau,Female,52,,,,,Fliptune,Environmental Tech,3904.98,,,2006/06/21
501,17,13,Morse,Simkovich,Male,60,,,,,Einti,Human Resources Assistant I,4682.31,,,2004/10/26
502,10,31,Jeffie,Litel,Male,35,,,,,,,4825.86,,,2009/12/28
503,6,20,Liliane,Shadrach,Female,28,Contour,Ford,2013,error: Field 'thin' not found,Riffpedia,Administrative Officer,4911.95,1,1,2010/04/19
504,11,13,Marena,Yezafovich,Female,34,E250,Ford,2011,,Leexo,Professor,7264.82,,,2008/02/18
505,9,30,Hale,Carrick,Male,73,F150,Ford,2001,,Gabtune,Automation Specialist I,2380.35,1,,2005/06/05
506,9,29,Laetitia,Wartnaby,Female,29,62,Maybach,2011,,Realmix,Business Systems Development Analyst,,2,,2007/06/29
507,17,22,Reynold,Petrazzi,Male,38,,,,,,,,,,2017/05/20
508,15,33,Chris,Beaumont,Male,37,Range Rover,Land Rover,2005,,Skivee,Senior Quality Engineer,7260.42,,,2012/03/22
509,12,34,Rowen,McNelly,Male,73,,,,,Centidel,Senior Developer,2252.8,,,2001/03/02
510,13,7,Ezra,Londing,Male,54,MKZ,Lincoln,2020,,Quimm,Automation Specialist I,4305.68,,,2020/01/22
511,6,16,Price,Damsell,Male,26,Pacifica,Chrysler,2008,,Kimia,Actuary,3182.27,2,,2012/07/06
512,13,31,Micheal,Giottini,Male,45,GTI,Volkswagen,2009,,Topicstorm,Chief Design Engineer,,,,2011/04/26
513,17,20,Fionna,Piscot,Female,42,G,Infiniti,2000,,Wikido,Technical Writer,,2,,2014/08/31
514,10,4,Becka,Cradick,Female,47,Corvette,Chevrolet,2014,,Oodoo,Assistant Media Planner,2564.48,,,2014/12/24
515,7,23,Lemmy,Purdie,Male,80,,,,error: Field 'thin' not found,Brainsphere,Project Manager,3309.66,,1,2007/12/12
516,8,34,Wilmer,Hammand,Male,68,Jetta,Volkswagen,2016,,,,3518.65,,,2008/12/04
517,7,29,Tommie,Priestland,Male,61,Camaro,Chevrolet,2000,error: Field 'thin' not found,Edgeblab,Electrical Engineer,,,1,2014/08/24
518,7,12,Vikki,Gann,Female,38,GTO,Mitsubishi,2020,,Youopia,Senior Developer,,,,2002/07/28
519,13,10,Marve,Ruppeli,Male,77,Breeze,Plymouth,2009,,Yakijo,Research Associate,,,,2001/05/22
520,15,36,Giffer,Glasscoe,Male,49,Viper,Dodge,2003,,Leexo,Software Engineer IV,2088.28,,,2004/08/16
521,9,10,Alie,Alejo,Female,32,,,,,Wikizz,Account Executive,,,,2012/09/03
522,3,26,Jessie,Wildman,Female,63,Dakota,Dodge,2003,,Realcube,Social Worker,3337.42,1,,2012/10/05
523,6,23,Thebault,Minall,Male,25,Ram 2500 Club,Dodge,2011,,Browsecat,Software Consultant,6474.86,,,2008/05/21
524,13,26,Cassius,MacSharry,Male,54,,,,,Gabtype,Nurse Practicioner,3100.07,,,2019/08/12
525,17,5,Ilene,Draco,Female,27,,,,,Mymm,Research Nurse,3670.09,,,2016/03/18
526,14,11,Carole,Foale,Female,68,Element,Honda,2011,,Browsebug,Financial Advisor,7749.95,,,2020/01/11
527,2,9,Lillis,Pegrum,Female,58,,,,Cachorro,Reallinks,Teacher,,,1,2003/07/05
528,5,30,Tabina,Chorley,Female,35,MX-5,Mazda,1998,error: Field 'thin' not found,Yozio,Systems Administrator I,4177.54,,1,2007/01/04
529,5,9,Netty,Turneux,Female,68,Laser,Plymouth,2013,,Realmix,Design Engineer,,,,2013/11/19
530,14,12,Anabella,Bilton,Female,41,Charger,Dodge,2014,,Thoughtsphere,Electrical Engineer,6161.74,,,2017/11/16
531,13,14,Clementine,Kilbee,Female,79,Grand Prix,Pontiac,2003,,Fliptune,Automation Specialist IV,,2,,2017/03/31
532,4,14,Pip,Cummings,Male,67,Town Car,Lincoln,2013,,Viva,Account Representative IV,,,,2001/06/13
533,17,27,Roxine,Skuce,Female,69,Forester,Subaru,2009,,Mybuzz,Programmer Analyst I,4749.29,,,2018/10/09
534,12,19,Rolph,Gissop,Male,42,,,,,Skyba,GIS Technical Architect,,,,2005/02/14
535,2,10,Corey,Boodle,Male,51,,,,,Voonyx,Legal Assistant,,1,,2005/12/16
536,11,14,Denys,Bramont,Male,27,Sprinter 2500,Mercedes-Benz,2001,,Edgepulse,Editor,6921.29,1,,2003/09/01
537,3,27,Grethel,Akerman,Female,47,RX Hybrid,Lexus,2000,,Kwinu,Research Assistant II,5938.55,,,2018/02/13
538,4,20,Kissie,Stubbe,Female,63,,,,,Cogilith,Desktop Support Technician,2302.62,,,2014/03/20
539,11,21,Devon,Chasmer,Female,51,,,,,Yodel,Community Outreach Specialist,3452.14,,,2014/04/25
540,8,36,Michaella,Gobbett,Female,69,,,,,Babbleblab,Desktop Support Technician,4593.24,,,2015/11/21
541,10,14,Bill,Brambill,Male,39,,,,,,,,,,2010/08/08
542,2,28,Suzanna,Rosberg,Female,57,DeVille,Cadillac,2015,,Twitterworks,VP Quality Control,7507.63,,,2012/11/05
543,15,17,Tessy,Cadding,Female,61,Topaz,Mercury,2003,,,,4181.15,,,2018/08/09
544,4,2,Jerrie,Chilcott,Female,75,DB9,Aston Martin,1999,,Ntags,Data Coordiator,4466.75,,,2006/11/07
545,9,12,Mike,Unworth,Male,31,,,,,Jabbersphere,Tax Accountant,5265.86,,,2004/10/11
546,13,20,Meryl,Cheston,Male,35,3500 Club Coupe,GMC,2009,,Kwimbee,Human Resources Manager,7923.99,,,2015/08/07
547,16,28,Paddie,Northidge,Male,65,Boxster,Porsche,2010,,,,2235.1,,,2010/06/05
548,1,29,Sully,Abbis,Male,74,,,,,Omba,Design Engineer,7185.87,2,,2009/04/20
549,14,7,Heath,Creaser,Male,69,,,,,Meejo,GIS Technical Architect,5487.95,,,2010/09/01
550,14,16,Sunny,Backshell,Male,73,,,,,Zoonder,Programmer Analyst II,,,,2001/07/01
551,6,8,Johnath,O'Currigan,Female,68,Econoline E350,Ford,2007,,Livetube,Speech Pathologist,,,,2006/07/29
552,13,14,Amory,Elwin,Male,45,,,,,Npath,Analyst Programmer,,,,2019/11/12
553,2,1,Ivor,Bartusek,Male,71,Vandura 2500,GMC,2002,,Mydo,Health Coach III,3416.04,,,2018/01/09
554,5,26,Adan,Shapter,Female,55,Sidekick,Suzuki,2001,,Photobug,Compensation Analyst,5626.87,,,2000/09/26
555,17,21,Keefer,Glassopp,Male,78,LX,Lexus,2008,,Bubbletube,Geologist IV,7977.71,,,2007/07/18
556,14,2,Wang,Holley,Male,54,Club Wagon,Ford,2007,,Tagopia,Administrative Assistant II,6709.96,,,2019/01/08
557,1,38,Blondy,Bettley,Female,54,,,,,Jayo,Speech Pathologist,,,,2001/03/04
558,13,32,Catie,Oloshin,Female,43,XC60,Volvo,2006,,Browsecat,Professor,,,,2014/04/17
559,3,4,Thornie,Ramalhete,Male,33,M,Infiniti,2007,,Janyx,Business Systems Development Analyst,,,,2002/11/18
560,4,27,Price,Deignan,Male,63,Titan,Nissan,2018,error: Field 'thin' not found,Ainyx,VP Marketing,,,1,2004/01/05
561,3,38,Birdie,Bohin,Female,52,S-Class,Mercedes-Benz,2012,,Feedfire,Executive Secretary,6767.92,,,2016/12/05
562,4,16,Elisabet,Gladhill,Female,61,Defender,Land Rover,2012,,Leexo,Occupational Therapist,7071.54,,,2018/11/22
563,11,30,Deb,McCaskill,Female,72,,,,,Muxo,Assistant Manager,7599.99,2,,2012/07/16
564,3,36,Cecilius,Marzello,Male,31,Cayman,Porsche,2001,,,,6341.92,,,2012/02/09
565,10,25,Nap,Furness,Male,79,,,,,Geba,Analyst Programmer,2433.85,1,,2006/01/14
566,6,20,Nichol,Lum,Female,38,Insight,Honda,2020,error: Field 'thin' not found,Katz,Analog Circuit Design manager,2567.51,,1,2011/11/21
567,3,29,Berri,Fawdrie,Female,28,Echo,Toyota,2015,,Edgepulse,Assistant Media Planner,7892.26,,,2020/01/30
568,5,23,Gaylord,McGettrick,Male,46,Suburban 2500,Chevrolet,2011,,Voomm,VP Accounting,7081.5,,,2009/09/23
569,15,20,Bowie,Canti,Male,71,,,,error: Field 'thin' not found,Eimbee,Product Engineer,5381.42,,1,2011/08/05
570,8,6,Worthington,Machen,Male,58,,,,,Omba,Account Coordinator,,2,,2002/02/01
571,9,34,Dinny,Jaher,Female,67,NX,Nissan,2011,,Babbleset,Librarian,5654.67,2,,2013/12/21
572,3,1,Prudence,Foker,Female,29,W123,Mercedes-Benz,2009,,Vidoo,Social Worker,6248.42,,,2007/03/24
573,2,4,Jeniece,Inderwick,Female,75,Regal,Buick,2001,error: Field 'thin' not found,Dynava,Database Administrator II,4918.83,,1,2019/02/11
574,1,38,Druci,Ramberg,Female,80,B-Series,Mazda,2020,error: Field 'thin' not found,Vipe,Design Engineer,7409.31,1,1,2003/09/03
575,10,25,Rufe,McQuin,Male,51,SVX,Subaru,2006,,Linkbridge,Health Coach IV,,,,2010/05/10
576,10,24,Danita,Woolstenholmes,Female,29,,,,error: Field 'thin' not found,Dynava,Human Resources Manager,7891.31,,1,2006/05/01
577,5,21,Maurise,Berrie,Male,55,,,,,Oyoloo,Analyst Programmer,,,,2012/05/23
578,3,35,Fancie,Surphliss,Female,45,,,,Cachorro,Katz,Staff Scientist,7383.11,,1,2016/11/22
579,14,7,Darcey,Brumpton,Female,62,Baja,Subaru,2009,,Kanoodle,Assistant Manager,,,,2001/11/26
580,13,3,Towny,Sabattier,Male,56,,,,,Rhyloo,Web Designer II,4260.91,,,2009/03/25
581,7,34,Madella,Caulwell,Female,36,,,,,Teklist,Tax Accountant,2199.01,,,2009/03/21
582,16,14,Dorey,Ambage,Male,54,Trans Sport,Pontiac,2015,,Mita,Geological Engineer,7969.08,,,2008/12/12
583,1,14,Pattie,Garrity,Female,72,LS,Lincoln,1998,,Jabberstorm,Analyst Programmer,,,,2009/06/05
584,4,34,Tabb,Sayward,Male,44,S10,Chevrolet,2006,,Miboo,Occupational Therapist,5667.94,,,2018/11/05
585,15,11,Aloin,Caillou,Male,80,,,,,Fiveclub,Analyst Programmer,4235.58,,,2001/12/20
586,9,34,Merla,Anneslie,Female,28,Concorde,Chrysler,2003,,Reallinks,VP Accounting,6180.13,,,2009/01/15
587,15,35,Rees,Tangye,Male,27,,,,,Thoughtbridge,Cost Accountant,6892.26,1,,2018/07/05
588,12,6,Chrissie,Godard,Female,54,del Sol,Honda,2011,,Linkbuzz,Computer Systems Analyst I,7173.94,,,2019/08/27
589,14,6,Mallissa,Malafe,Female,80,7 Series,BMW,2008,Gato,Bubblemix,Librarian,5138.45,,1,2004/11/17
590,15,18,Jamaal,Hayworth,Male,25,Prowler,Chrysler,2014,,Meeveo,Accountant II,,,,2011/04/21
591,7,25,Ameline,Eisenberg,Female,80,Equinox,Chevrolet,2001,,Photobug,Physical Therapy Assistant,3943.55,,,2013/06/02
592,17,32,Aubree,Le Quesne,Female,29,,,,,Dabjam,Project Manager,4960.81,,,2016/03/29
593,4,12,Matthus,Armitt,Male,49,,,,,,,4794.81,,,2017/09/15
594,1,24,Rosalia,Attock,Female,40,Ram 2500,Dodge,2008,,Jabberstorm,Senior Cost Accountant,6783.29,,,2003/05/07
595,15,9,Horten,Liddard,Male,61,,,,,Skalith,Recruiter,,2,,2010/02/12
596,17,20,Raimondo,Pleasaunce,Male,46,Galant,Mitsubishi,1999,,Twimbo,Chief Design Engineer,5407.92,,,2008/02/03
597,13,13,Worthington,Yearsley,Male,46,Express 2500,Chevrolet,2003,,,,2674.98,,,2003/04/13
598,16,26,Durante,Fessier,Male,25,Soul,Kia,2020,,Zoomzone,Chief Design Engineer,3497.98,,,2000/12/15
599,7,10,Nedda,Loade,Female,49,,,,,Centidel,Librarian,2624.09,1,,2006/01/27
600,17,3,Estel,Eadon,Female,43,Probe,Ford,2015,,Oyoyo,Account Coordinator,5712.95,2,,2018/12/11
601,7,28,Bale,Dingwall,Male,32,Integra,Acura,1999,,Edgeclub,Health Coach IV,4938.8,,,2010/01/24
602,15,18,Christel,Hanretty,Female,71,Spider,Alfa Romeo,2000,,Photojam,Programmer Analyst II,3761.67,,,2018/05/22
603,3,33,Odelia,Langlands,Female,25,Park Avenue,Buick,2004,,Chatterbridge,Payment Adjustment Coordinator,4081.93,,,2005/03/31
604,2,27,Rubin,Atthowe,Male,44,CX-7,Mazda,2005,,,,7607.57,,,2012/11/03
605,12,35,Cara,Mulleary,Female,72,QX56,Infiniti,1999,,Trupe,Human Resources Manager,6801.67,,,2017/07/01
606,8,13,Zach,Lickess,Male,63,,,,error: Field 'thin' not found,Livetube,Human Resources Manager,,,1,2019/04/26
607,8,20,Marybelle,Leggett,Female,64,LS,Lexus,1998,,Tagpad,General Manager,,2,,2008/07/18
608,14,13,Doti,Scoines,Female,78,,,,,Babblestorm,Legal Assistant,6005.83,,,2004/08/18
609,6,15,Sherilyn,Rivlin,Female,59,Frontier,Nissan,2008,,Zoomlounge,Food Chemist,4212.97,,,2016/08/10
610,16,3,Giralda,Glowach,Female,36,Outback,Subaru,2001,,Shufflester,Recruiting Manager,5060.95,,,2010/05/17
611,12,6,Carmita,Knibley,Female,35,SVX,Subaru,2000,,Jabberstorm,Research Nurse,4324.04,,,2014/12/01
612,17,16,Carleton,Davidsson,Male,50,Supra,Toyota,1998,,Riffwire,Mechanical Systems Engineer,5600.64,1,,2017/06/01
613,5,4,Savina,Cawley,Female,36,CTS,Cadillac,2007,,Ntag,Software Consultant,7684.04,,,2011/04/24
614,7,1,Reilly,Minall,Male,33,,,,,Rhybox,Paralegal,7645.72,,,2001/04/08
615,1,27,Fayina,Enos,Female,64,Thunderbird,Ford,1999,,Youbridge,Web Developer II,7658.65,,,2003/07/14
616,4,12,Chad,Jaouen,Male,28,,,,,Oyondu,Accounting Assistant II,,,,2017/11/28
617,4,36,Ignacio,Don,Male,28,Century,Buick,2020,,Thoughtstorm,Web Developer III,2074.06,,,2012/04/04
618,15,15,Rosene,Marrow,Female,60,Metro,Chevrolet,2008,,,,6460.9,,,2011/08/29
619,12,11,Elsey,Duplock,Female,30,Courier,Ford,2015,,Kwilith,Software Engineer IV,2823.23,,,2007/11/10
620,16,20,Massimo,Rosten,Male,65,,,,,,,7540.94,,,2008/11/29
621,6,5,Byrle,Dury,Male,48,Accord,Honda,2018,,Brightbean,Product Engineer,,,,2018/03/27
622,6,17,James,Syddall,Male,57,,,,,Trunyx,Assistant Manager,4610.03,,,2001/07/24
623,12,14,Chiquia,Osband,Female,61,Thunderbird,Ford,2012,,,,4312.54,1,,2005/12/29
624,4,3,Meir,Pitrollo,Male,62,Grand Am,Pontiac,2012,,Realcube,Speech Pathologist,5629.54,,,2011/11/10
625,1,29,Fabian,Boydle,Male,31,6000,Pontiac,2012,,Izio,Accounting Assistant I,6456.34,,,2012/01/06
626,4,1,Selinda,Riediger,Female,57,,,,,Browsebug,VP Accounting,7067.21,,,2011/02/22
627,3,4,Bernice,Mallard,Female,40,S6,Audi,2011,,Zoombox,Graphic Designer,2527.98,,,2016/07/08
628,14,35,Marlon,Michelin,Male,67,,,,,LiveZ,VP Quality Control,,,,2006/12/23
629,3,11,Tina,Rudland,Female,76,,,,,Youbridge,Accountant IV,3732.13,,,2018/05/18
630,14,19,Mandel,Varah,Male,64,Cabriolet,Volkswagen,2014,,Trupe,Financial Analyst,,,,2015/06/26
631,17,27,Erminie,Brimley,Female,77,,,,,Mita,Nurse,3926.3,,,2017/07/12
632,13,29,Jeni,Chatelot,Female,58,,,,,Realcube,Senior Editor,3222.93,,,2009/08/15
633,11,12,Rosina,Carnegy,Female,33,,,,,Aimbu,Media Manager III,6400.87,,,2013/09/08
634,5,24,Sella,Keymar,Female,38,G-Series G20,Chevrolet,2009,,Trudeo,Geological Engineer,,,,2019/08/19
635,13,27,Rikki,Lambrechts,Male,57,,,,,Innotype,Budget/Accounting Analyst IV,,,,2003/04/08
636,13,26,Ignace,Kopfen,Male,48,,,,error: Field 'thin' not found,Wikizz,Design Engineer,6236.2,,1,2008/10/11
637,17,31,Randy,Tearny,Female,68,,,,,Skynoodle,Marketing Assistant,4609.05,2,,2013/11/08
638,10,1,Cecilius,Boundy,Male,33,Model S,Tesla,2014,,Fivespan,Librarian,7592.5,,,2012/12/26
639,5,20,Dorette,Goodge,Female,68,GS,Lexus,2015,error: Field 'thin' not found,Demimbu,Assistant Media Planner,7971.79,,1,2000/07/21
640,8,10,Felice,Stubbley,Male,50,Cavalier,Chevrolet,2001,,Meevee,Occupational Therapist,4912.55,,,2011/05/20
641,16,9,Pauly,Krolik,Male,53,200SX,Nissan,2011,,Zoomzone,Senior Developer,4343.96,,,2003/02/23
642,10,15,Fergus,Raffeorty,Male,30,Camaro,Chevrolet,2020,,Oyonder,Sales Associate,4802.69,,,2018/02/22
643,4,8,Hamel,Taplow,Male,63,Tundra,Toyota,2008,,Dabshots,Sales Representative,5105.51,,,2010/10/08
644,11,20,Annora,Lauritsen,Female,50,SJ,Suzuki,2002,,Agivu,Quality Control Specialist,6017.34,,,2010/09/15
645,3,18,Pall,Osinin,Male,70,E-Series,Ford,2019,error: Field 'thin' not found,Edgetag,Assistant Media Planner,,,1,2020/02/21
646,3,7,Issie,Warrior,Female,49,Roadmaster,Buick,1998,,Myworks,Help Desk Technician,4505.24,,,2001/11/04
647,7,22,Nerti,Lighterness,Female,56,8 Series,BMW,2020,,LiveZ,VP Quality Control,,,,2018/04/18
648,7,26,Frasquito,Dunkerton,Male,60,,,,,Voomm,Assistant Media Planner,5871.91,1,,2017/11/01
649,3,25,Jannel,Kirkness,Female,54,CX-7,Mazda,2006,Cachorro,Ntags,Compensation Analyst,7382.09,,1,2007/08/03
650,12,24,Malynda,Iveson,Female,51,Intrigue,Oldsmobile,2020,,Babbleopia,Editor,,,,2004/02/04
651,4,16,Elizabet,Woollcott,Female,31,,,,,Twitterworks,Administrative Officer,,,,2011/06/06
652,13,38,Dayna,Tripet,Female,42,Routan,Volkswagen,2006,,Photobug,Quality Engineer,,,,2005/02/22
653,4,2,Tulley,Birchenhead,Male,56,Camry Hybrid,Toyota,2002,,Fliptune,Dental Hygienist,,,,2014/02/04
654,5,13,Gabriela,Broster,Female,46,9-5,Saab,2018,,Ooba,Software Consultant,3032.57,,,2000/10/03
655,12,28,Bernhard,Wiz,Male,36,,,,,Topiclounge,Clinical Specialist,,,,2007/05/04
656,4,11,Tedman,Feldmesser,Male,69,88,Oldsmobile,2000,,Katz,Human Resources Manager,4570.47,1,,2008/08/02
657,17,10,Shelby,Rodgier,Male,48,7 Series,BMW,2007,,Twiyo,Cost Accountant,2372.78,,,2008/11/17
658,7,24,Tarrah,Tarquini,Female,70,Coupe,Maserati,2003,,Skibox,Analog Circuit Design manager,,2,,2004/10/20
659,3,4,Clare,Vaskov,Male,29,,,,,Edgeblab,Paralegal,3377.55,1,,2020/01/19
660,16,19,Wyndham,Ravilus,Male,44,,,,,Ooba,Environmental Specialist,,,,2013/08/07
661,11,20,Olav,Corteney,Male,79,MR2,Toyota,2001,,Realfire,VP Sales,,,,2009/02/13
662,13,31,Wynny,Claasen,Female,67,626,Mazda,1998,,Linkbuzz,Junior Executive,2382.47,,,2007/10/24
663,8,18,Stanly,Muttock,Male,29,Swift,Suzuki,2013,,,,7351.13,,,2003/02/27
664,10,37,Kaitlin,Maty,Female,43,Phaeton,Volkswagen,2020,,Avaveo,Assistant Media Planner,3970.77,,,2008/11/04
665,8,31,Tully,Brittlebank,Male,27,,,,,,,7897.15,,,2008/03/30
666,14,37,Sibel,Ewdale,Female,26,Legacy,Subaru,2016,,,,,,,2011/03/09
667,9,32,Kelwin,Attwill,Male,47,,,,,Rhybox,Office Assistant II,6463.28,,,2009/06/29
668,4,31,Laird,Morforth,Male,33,,,,,Skipfire,Director of Sales,2837.73,,,2001/08/28
669,7,26,Tuck,Capeling,Male,34,XJ Series,Jaguar,2005,,Twitterworks,Mechanical Systems Engineer,7351.11,2,,2019/07/02
670,15,21,Dorothea,Pechard,Female,70,,,,,Skaboo,Budget/Accounting Analyst III,2141.66,,,2007/07/27
671,11,11,Caron,Mulhall,Female,67,LS,Lexus,2016,,Photojam,Environmental Tech,3931.17,,,2020/03/06
672,5,37,Valerie,Lomaz,Female,61,,,,,Dabvine,Compensation Analyst,,,,2018/10/29
673,8,38,Westbrooke,Spat,Male,57,Fusion,Ford,2000,,Cogilith,Sales Associate,,,,2001/06/06
674,17,13,Reggie,Breinl,Male,56,Cavalier,Chevrolet,2003,,,,,,,2015/05/25
675,16,16,Scottie,Corneille,Male,73,,,,,Meejo,Teacher,2636.05,,,2012/05/18
676,4,28,Marc,Dyott,Male,69,Avalanche,Chevrolet,2018,,Pixope,Quality Control Specialist,4075.17,,,2010/08/16
677,6,3,Lucien,Penney,Male,50,Suburban 1500,Chevrolet,2014,,Avamm,Financial Analyst,6615.03,,,2012/05/26
678,6,19,Dwight,Terram,Male,47,,,,,Jaxnation,Mechanical Systems Engineer,5259.36,,,2006/11/08
679,11,21,Fleming,Cuttin,Male,27,C-Class,Mercedes-Benz,2015,,Browsebug,Legal Assistant,2692.0,,,2007/01/23
680,1,9,Sidney,Olding,Male,42,MX-5,Mazda,1998,,Skajo,Human Resources Manager,2637.52,,,2008/01/29
681,14,2,Celestia,Conwell,Female,56,,,,,Tazz,Legal Assistant,6152.09,,,2006/11/10
682,15,33,Nobie,Mepham,Male,37,CC,Volkswagen,2003,,Gabspot,Civil Engineer,7453.76,1,,2011/10/07
683,17,2,Lillis,Giraudou,Female,60,,,,,JumpXS,Senior Financial Analyst,5714.22,,,2016/08/27
684,3,23,Zebedee,Solon,Male,32,G55 AMG,Mercedes-Benz,2002,Cachorro,Youtags,Analyst Programmer,3665.34,,1,2017/08/09
685,10,27,Caril,MacCafferty,Female,61,Ram 3500,Dodge,2014,,Mycat,Biostatistician III,6884.63,,,2004/03/06
686,3,19,Matthaeus,McCoole,Male,61,,,,,Einti,Quality Control Specialist,3718.16,2,,2010/02/25
687,16,15,Ivar,Latch,Male,61,,,,,Gabvine,Desktop Support Technician,3849.6,,,2015/01/07
688,16,10,Alecia,Slade,Female,64,,,,,Kaymbo,Budget/Accounting Analyst III,7595.74,,,2016/07/26
689,1,9,Flo,Caulkett,Female,31,,,,,Tagpad,Quality Control Specialist,7003.33,1,,2010/05/31
690,3,7,Worthy,Sillwood,Male,63,,,,,Roodel,Developer III,7551.55,,,2009/01/10
691,17,1,Jessika,Ledekker,Female,62,9000,Saab,1999,,Oyoyo,Web Developer III,4812.48,1,,2003/12/29
692,6,32,Billie,Eborall,Female,64,Land Cruiser,Toyota,1999,,Edgepulse,Technical Writer,3525.47,,,2002/11/19
693,12,28,Peadar,Bertomeu,Male,44,Fusion,Ford,2012,,Dabtype,Statistician I,,,,2008/06/01
694,10,19,Artie,Wakeman,Male,38,Type 2,Volkswagen,2015,,Oba,Financial Analyst,7154.34,1,,2016/08/03
695,1,33,Arden,Poynzer,Female,58,LeSabre,Buick,2003,,Aivee,Human Resources Assistant III,,,,2000/12/04
696,7,38,Midge,Drivers,Female,79,,,,,,,2413.33,,,2018/09/14
697,7,9,Andy,Gaythwaite,Male,33,,,,,Leexo,Electrical Engineer,4616.71,,,2015/02/19
698,15,17,Alastair,Warke,Male,57,Grand Marquis,Mercury,2013,,Skyba,Automation Specialist IV,7374.96,,,2014/08/10
699,14,22,Stacy,Emmatt,Female,71,,,,,Trilith,Tax Accountant,6131.27,,,2015/11/25
700,6,2,Oliviero,Signori,Male,31,FX,Infiniti,2016,,Zooveo,Business Systems Development Analyst,7327.82,1,,2007/11/20
701,10,21,Julian,Strange,Male,66,Mustang,Ford,2020,,Bluezoom,Clinical Specialist,3434.78,,,2017/03/02
702,3,2,Lenore,Haeslier,Female,79,Previa,Toyota,2007,,Browsedrive,VP Accounting,,,,2005/05/30
703,3,9,Vassily,Bidewel,Male,67,Escort,Ford,2008,,Voonte,Account Executive,3772.33,,,2018/10/29
704,9,36,Gonzalo,Llop,Male,76,Accord,Honda,2003,,Meedoo,Technical Writer,7022.97,,,2014/07/25
705,12,14,Joye,Larkkem,Female,47,Yukon XL 1500,GMC,2009,,Dablist,Internal Auditor,7686.04,,,2015/05/11
706,1,13,Gregoire,Pelos,Male,44,GS,Lexus,2010,,Meevee,Sales Representative,6889.35,2,,2004/06/27
707,3,1,Julina,Lockie,Female,40,Santa Fe,Hyundai,2005,,,,7944.43,1,,2017/04/12
708,13,25,Cyrus,MacGorman,Male,72,LS,Lexus,2012,,Jabberstorm,Chief Design Engineer,7894.28,2,,2009/01/27
709,5,4,Malva,Feathersby,Female,52,,,,error: Field 'thin' not found,Thoughtstorm,Assistant Professor,5552.04,,1,2003/07/14
710,17,2,Isadore,Laba,Male,64,RX-7,Mazda,2003,,Yakijo,Senior Cost Accountant,4571.99,2,,2014/01/05
711,14,5,Lin,Yardley,Male,71,,,,,Reallinks,Sales Representative,5478.52,1,,2004/08/03
712,8,11,Jacklyn,Eliet,Female,25,Dakota Club,Dodge,2007,error: Field 'thin' not found,Jabbersphere,Desktop Support Technician,3979.03,,1,2010/04/24
713,2,9,Berkly,Rooksby,Male,69,,,,,Riffpedia,Sales Associate,6553.96,,,2018/05/18
714,10,28,Meridel,Slimon,Female,80,Montero,Mitsubishi,2011,error: Field 'thin' not found,Twitterbeat,Software Consultant,6077.83,,1,2005/07/06
715,7,21,Heath,Martinyuk,Male,34,1500,Chevrolet,1999,,Twitterlist,Web Developer II,4823.73,,,2003/08/24
716,13,3,Raphaela,Fawdrie,Female,80,,,,,Lajo,Assistant Manager,7780.35,,,2013/01/01
717,15,2,Isaiah,Spores,Male,47,LaCrosse,Buick,2018,,Riffpedia,Help Desk Operator,,,,2010/02/17
718,13,36,Elvin,Kenford,Male,28,,,,,Snaptags,Professor,6340.12,1,,2003/04/26
719,5,2,Annabell,Pesak,Female,53,,,,,Agimba,Technical Writer,4010.39,,,2019/06/07
720,13,32,Jorey,Gratton,Female,31,riolet,Audi,2011,,Dabvine,Information Systems Manager,,,,2007/03/13
721,3,38,Arluene,McGeaney,Female,31,,,,,Yodel,Sales Representative,4075.79,,,2000/09/07
722,8,20,Carie,Loughnan,Female,60,M-Class,Mercedes-Benz,2013,,Thoughtblab,Senior Editor,2897.1,2,,2012/04/07
723,5,12,Belia,Lafond,Female,35,Camry,Toyota,2019,Cachorro,Edgepulse,Web Designer II,3195.36,,1,2004/11/11
724,17,25,Sayre,Crepel,Male,72,X6,BMW,2000,,Brainverse,Statistician III,,,,2011/08/13
725,3,12,Curr,LaBastida,Male,46,G-Series G10,Chevrolet,2016,,Dabfeed,Information Systems Manager,5266.53,,,2006/12/16
726,6,26,Emelia,Dixon,Female,78,Accord,Honda,2003,,Twimbo,Actuary,4609.01,,,2003/07/03
727,2,5,Townsend,Frape,Male,42,,,,,Kwideo,Occupational Therapist,3346.2,,,2007/04/03
728,16,17,Carroll,Davidou,Male,58,,,,,Topiclounge,Web Developer III,3086.48,,,2014/09/28
729,15,34,Hermina,Lamboll,Female,39,Bravada,Oldsmobile,2014,,Youtags,Help Desk Technician,7027.57,,,2003/01/25
730,10,16,Kaleb,Mahedy,Male,66,,,,,Realfire,Mechanical Systems Engineer,6022.17,,,2002/07/25
731,10,18,Ardith,Bettenay,Female,34,IS F,Lexus,2000,,Meevee,Tax Accountant,7415.13,,,2007/06/03
732,2,2,Norbie,Passmore,Male,56,,,,,Skivee,Occupational Therapist,5342.99,2,,2018/05/14
733,16,25,Nowell,Dreakin,Male,62,Sentra,Nissan,1999,,Oyoloo,Nuclear Power Engineer,5888.65,,,2008/09/24
734,5,33,Rickie,Fatkin,Male,47,Accord,Honda,2016,,Skiba,Technical Writer,5943.59,1,,2007/05/06
735,7,22,Donnell,Rive,Male,29,H1,Hummer,2003,,Bubbletube,Physical Therapy Assistant,4413.72,,,2005/10/24
736,10,7,Stewart,Jablonski,Male,72,Avalon,Toyota,2018,,Roombo,Media Manager II,6638.95,,,2008/04/05
737,12,14,Charita,Kesterton,Female,43,Camaro,Chevrolet,2001,,,,3870.42,,,2017/05/02
738,9,12,Wilow,Blackler,Female,69,,,,,Voolia,Graphic Designer,3501.57,,,2017/06/21
739,7,3,Moreen,Tipens,Female,31,Yukon,GMC,2008,Gato,Mycat,Quality Engineer,4390.65,,1,2007/10/29
740,8,32,Isahella,Rains,Female,36,Courier,Ford,2017,,Ntag,Structural Analysis Engineer,5679.57,,,2017/10/02
741,12,17,Pooh,Gyles,Female,73,,,,,Mybuzz,Information Systems Manager,6146.11,,,2017/12/15
742,2,24,Thaxter,Cawson,Male,42,Crown Victoria,Ford,2011,,Jaxbean,Sales Representative,6208.12,,,2006/06/20
743,12,25,Perry,MacSorley,Female,52,Vandura 2500,GMC,2016,error: Field 'thin' not found,Kimia,Director of Sales,2034.51,,1,2015/04/28
744,5,2,Cinda,Kensit,Female,47,Savana 2500,GMC,2002,,Realblab,Professor,3268.18,,,2006/05/17
745,7,32,Maximo,Broadbury,Male,44,,,,,Yata,Programmer Analyst III,5871.16,,,2018/03/11
746,7,5,Halie,Giffon,Female,58,Millenia,Mazda,2014,,,,3634.36,,,2019/12/09
747,13,34,Sukey,Challice,Female,79,Dakota Club,Dodge,2009,,Yodel,Editor,7783.63,,,2017/05/13
748,11,10,Diahann,Elgie,Female,25,Terrain,GMC,2002,Gato,Wikizz,Technical Writer,2763.47,1,1,2016/06/18
749,16,19,Kelwin,Everiss,Male,29,,,,,,,5538.78,,,2015/07/12
750,9,12,Robbert,Jojic,Male,67,,,,error: Field 'thin' not found,Vidoo,Product Engineer,5306.42,,1,2002/04/21
751,16,35,Levi,Miell,Male,65,STS,Cadillac,2018,error: Field 'thin' not found,Agimba,Associate Professor,3628.06,,1,2000/11/01
752,15,15,Orella,Happert,Female,67,,,,,Yakijo,VP Marketing,2070.24,,,2001/05/05
753,4,13,Hughie,Barff,Male,59,,,,,Flipstorm,VP Accounting,,,,2008/09/14
754,14,38,Doro,Wigelsworth,Female,77,Bronco,Ford,2008,,Omba,Teacher,4991.96,2,,2018/09/13
755,13,33,Griff,Monget,Male,63,,,,Cachorro,Centimia,Assistant Manager,,,1,2015/08/27
756,10,9,Rodolfo,Dain,Male,28,E350,Ford,1999,,Dabtype,Sales Representative,3746.83,,,2006/03/12
757,16,21,Lelia,McLewd,Female,68,Forte,Kia,1999,,Mita,Human Resources Assistant II,,,,2012/09/19
758,14,31,Ignatius,Loxly,Male,70,88,Oldsmobile,2018,error: Field 'thin' not found,Kwimbee,Community Outreach Specialist,3139.87,,1,2000/10/03
759,11,3,Alvinia,Rafferty,Female,60,,,,,Quatz,Account Representative I,,,,2007/05/30
760,10,8,Neille,Abramow,Female,66,Z8,BMW,2006,,Gigazoom,Accounting Assistant I,,,,2008/08/14
761,3,22,Ricki,Riseley,Male,50,,,,,Brainlounge,Accountant III,6215.24,,,2017/02/12
762,17,25,Skelly,Corzon,Male,51,HED-5,Hyundai,2010,,Thoughtblab,Social Worker,2067.82,,,2016/11/11
763,14,6,Torr,Bogaert,Male,77,PT Cruiser,Chrysler,2010,,Divape,Cost Accountant,2048.54,,,2018/10/28
764,4,18,Early,Sneyd,Male,78,,,,,Browsezoom,Web Developer II,,,,2001/07/17
765,13,9,Jameson,Donoghue,Male,47,,,,,Kanoodle,Payment Adjustment Coordinator,2723.0,,,2001/05/25
766,1,20,Sheffield,Tetford,Male,33,IS,Lexus,2010,,Thoughtblab,Nurse Practicioner,4349.5,,,2016/07/01
767,4,14,Maiga,Lambertz,Female,50,,,,,Mita,Administrative Assistant I,7088.37,,,2004/01/16
768,7,2,Bartholomeus,Notman,Male,78,Freelander,Land Rover,2004,,Roombo,Legal Assistant,4391.57,1,,2007/10/29
769,4,23,Karney,Scollard,Male,66,,,,,Skibox,Project Manager,6710.8,1,,2018/12/13
770,6,38,Hope,Colcomb,Female,60,325,BMW,2020,,Shufflebeat,Environmental Tech,5615.65,,,2001/09/19
771,16,5,Tilly,Wake,Female,27,Safari,Pontiac,2019,,Buzzshare,Payment Adjustment Coordinator,,,,2002/03/06
772,1,22,Shelagh,Hixley,Female,59,,,,,Zava,Nurse Practicioner,6621.59,,,2009/05/14
773,6,34,Ryann,Duiguid,Female,69,Silverado 1500,Chevrolet,2008,,Dynabox,Project Manager,,,,2019/06/19
774,9,10,Wolfie,Janaszewski,Male,40,,,,error: Field 'thin' not found,Zazio,Junior Executive,2952.09,2,1,2005/07/12
775,12,11,Lacee,MacMenemy,Female,36,Maxima,Nissan,2003,,Twiyo,Senior Cost Accountant,7650.68,,,2004/08/15
776,7,25,Norman,Mowbray,Male,40,,,,,Flipopia,Operator,2026.25,,,2014/10/17
777,3,25,Kincaid,Fearnill,Male,25,,,,Gato,Riffpath,Human Resources Assistant I,4073.94,,1,2000/12/01
778,16,27,Wynny,Pavlov,Female,48,,,,,Trupe,Junior Executive,3140.62,,,2019/05/25
779,12,28,Standford,Silk,Male,43,,,,,Agimba,Senior Developer,2023.66,,,2010/08/12
780,9,14,Julius,Ballendine,Male,37,Maxima,Nissan,2012,,Eazzy,Actuary,6266.17,,,2005/04/28
781,10,15,Dietrich,Severs,Male,26,Cobalt SS,Chevrolet,2019,,Twimm,Analyst Programmer,7999.97,,,2009/02/11
782,8,4,Carleton,De Vaux,Male,78,940,Volvo,2017,,,,3251.34,,,2020/04/18
783,16,11,Vivyan,Mart,Female,34,,,,,Muxo,Financial Advisor,5665.04,,,2017/01/09
784,2,28,Amandi,Poulglais,Female,63,,,,,Meejo,Programmer Analyst II,6457.53,,,2018/03/29
785,8,21,Piggy,Bratcher,Male,73,626,Mazda,2015,,Flipstorm,Project Manager,,,,2003/02/06
786,1,16,Fowler,Bront,Male,77,Cultus,Suzuki,2013,,Gabvine,Tax Accountant,5157.59,,,2018/03/09
787,6,17,Alberta,Fawssett,Female,45,1500,GMC,2000,,Myworks,Senior Quality Engineer,,,,2018/08/16
788,10,34,Tobi,Delagnes,Female,38,,,,,Lazzy,Database Administrator II,7469.22,,,2005/10/11
789,1,16,Riannon,Bartol,Female,29,,,,,Feednation,Software Consultant,5111.71,,,2014/08/14
790,3,10,Pennie,Griffin,Male,59,,,,,Agivu,Human Resources Manager,2721.6,,,2011/04/10
791,12,3,Jaymee,Desesquelle,Female,27,Cabriolet,Audi,2018,,Livetube,Registered Nurse,,2,,2003/08/26
792,8,27,Ferrel,Yuryaev,Male,75,Sentra,Nissan,2003,,Quire,Desktop Support Technician,,,,2008/04/30
793,15,18,Jori,Carrington,Female,73,,,,,Mudo,Research Nurse,7528.16,,,2004/03/08
794,9,21,Frank,Benns,Male,26,,,,,Dabshots,Account Coordinator,2623.43,,,2012/02/20
795,12,27,Stu,Barfford,Male,43,TL,Acura,2009,error: Field 'thin' not found,Youspan,Desktop Support Technician,2760.51,,1,2012/11/05
796,7,21,Inglebert,Le Barr,Male,29,,,,,Twinte,VP Accounting,,,,2002/03/11
797,17,11,Ari,Pleming,Male,78,,,,,Skilith,Graphic Designer,,,,2013/10/09
798,12,17,Alva,Yakushkev,Male,29,Accord,Honda,2006,,Blogtags,Business Systems Development Analyst,2765.03,,,2014/01/09
799,13,20,Bar,Spoward,Male,53,,,,,,,5310.71,,,2005/02/16
800,14,17,Chrissie,Pashba,Female,41,Quest,Nissan,2019,,Janyx,Tax Accountant,7002.06,1,,2020/01/18
801,11,29,Fifi,Priel,Female,59,,,,,Wikivu,Accountant III,3170.26,,,2005/12/17
802,14,32,Amabel,Bagby,Female,55,Intrigue,Oldsmobile,2009,,Twitterbeat,Paralegal,2043.73,2,,2008/11/24
803,11,21,Madge,Jopling,Female,44,Freestar,Ford,1999,,Teklist,Quality Control Specialist,5785.8,,,2014/11/29
804,17,25,Meyer,O'Kinedy,Male,65,,,,,Izio,Structural Analysis Engineer,,1,,2004/10/23
805,16,18,Archibald,Mummery,Male,40,Ram 2500,Dodge,2005,,Kare,Help Desk Operator,,2,,2009/07/30
806,17,1,Dian,Shutler,Female,40,SJ,Suzuki,2001,,Feedbug,Web Developer III,3444.16,,,2004/07/15
807,15,19,Diane,Burgill,Female,55,,,,,Midel,Legal Assistant,3159.46,,,2001/04/10
808,3,15,Karlis,Rodson,Male,79,,,,,Skalith,Senior Financial Analyst,,2,,2018/03/16
809,1,25,Hamlin,Noddle,Male,79,,,,,Digitube,Account Representative II,3532.31,,,2001/02/20
810,15,22,Orton,Roake,Male,57,Optima,Kia,2005,,Kwimbee,Budget/Accounting Analyst I,3166.27,,,2010/11/04
811,4,5,Wolfie,McHenry,Male,77,300M,Chrysler,2020,,BlogXS,Administrative Assistant III,5905.34,,,2016/01/26
812,1,20,Ezequiel,Runciman,Male,43,Ram Van 2500,Dodge,2014,,Rhyloo,Biostatistician IV,3701.98,,,2005/09/15
813,12,33,Horatio,McTrustrie,Male,42,M5,BMW,2000,,Dablist,Nurse,2405.29,,,2011/04/23
814,17,32,Babara,Odell,Female,31,,,,error: Field 'thin' not found,Browsezoom,Community Outreach Specialist,3434.94,,1,2006/12/28
815,3,20,Ingemar,Willoughley,Male,60,Civic,Honda,2013,,Quimm,Automation Specialist II,2569.62,,,2010/01/20
816,6,38,Duke,Curtoys,Male,53,S4,Audi,2017,,Photospace,Safety Technician II,7675.29,,,2001/01/28
817,6,5,Jodie,Humbee,Male,31,Excursion,Ford,2008,,Mynte,Sales Representative,5595.71,,,2008/11/27
818,14,19,Margy,Gianetti,Female,69,Th!nk,Ford,2012,,Eire,Sales Representative,,,,2005/11/08
819,10,33,Rab,Bignold,Male,72,,,,,Mymm,Senior Editor,6544.42,,,2006/11/14
820,8,7,Leicester,Tissiman,Male,69,,,,,Trupe,Junior Executive,5840.2,,,2015/02/22
821,10,38,Vita,Limerick,Female,69,,,,,Skibox,GIS Technical Architect,6965.49,,,2018/04/07
822,8,12,Alix,Cozens,Male,79,,,,,Youopia,Account Representative I,4211.85,,,2003/01/25
823,12,13,Bradley,Voak,Male,80,,,,,Eadel,Administrative Assistant I,6585.34,,,2014/12/24
824,9,24,Tyler,Errichiello,Male,50,,,,,Devpulse,Executive Secretary,5620.97,,,2009/01/15
825,3,6,Marion,Harder,Female,53,,,,,Talane,Geological Engineer,3415.82,,,2005/02/18
826,16,22,Percy,Corkan,Male,53,,,,,Yoveo,Research Assistant IV,6711.64,1,,2013/05/30
827,8,7,Berton,Songer,Male,67,,,,Gato,Browsetype,VP Marketing,3400.74,,1,2002/09/10
828,14,15,Farrell,Rumbold,Male,63,,,,,Oyoloo,Financial Analyst,,,,2001/04/19
829,12,23,Noah,Alesin,Male,66,,,,,Topicstorm,Payment Adjustment Coordinator,6423.13,,,2008/05/31
830,13,30,Siobhan,Garretson,Female,67,,,,,,,5365.2,,,2007/09/25
831,4,26,Gunther,Howgego,Male,39,SC,Lexus,2006,,,,3478.81,,,2015/03/12
832,15,18,Dorothea,Kornyakov,Female,33,944,Porsche,2018,,Roomm,Software Consultant,,,,2002/03/04
833,5,29,Frankie,Lineker,Female,72,Eclipse,Mitsubishi,2003,,Skippad,Assistant Professor,,,,2018/03/27
834,14,9,Corry,Girardeau,Female,43,Prius,Toyota,1999,,Gigazoom,Environmental Specialist,7628.38,,,2011/06/04
835,2,12,Silvan,Witherbed,Male,36,XC90,Volvo,2011,,Topdrive,Nurse,,1,,2009/05/16
836,6,2,Zebulon,Day,Male,39,Grand Am,Pontiac,2005,,Quinu,Help Desk Operator,7078.3,,,2020/01/08
837,14,30,Cornela,Jacob,Female,25,,,,,Dynazzy,Programmer I,4619.89,,,2001/12/21
838,7,19,Debi,Mcettrick,Female,56,Chariot,Mitsubishi,2001,,Browsedrive,Nurse,7633.61,,,2005/12/16
839,13,23,Caldwell,Bothen,Male,76,,,,,Yambee,Assistant Manager,6346.35,,,2014/08/31
840,9,22,Charin,Bendin,Female,34,Frontier,Nissan,2014,,Tagcat,VP Marketing,,,,2018/12/12
841,10,5,Roy,Briars,Male,60,Elantra,Hyundai,2006,,Skiptube,Senior Editor,,2,,2019/06/21
842,6,24,Portie,Shrimpton,Male,77,,,,,Fanoodle,Human Resources Manager,3616.82,2,,2010/08/24
843,9,10,Conway,Matuszkiewicz,Male,64,,,,,Zoomlounge,Environmental Specialist,5181.72,1,,2007/12/04
844,1,30,Brina,Midlane,Female,29,Galant,Mitsubishi,2006,,Einti,Safety Technician III,3444.61,,,2013/09/20
845,12,17,Vanda,Yushkov,Female,57,Starion,Mitsubishi,1999,,Fliptune,Health Coach IV,,,,2009/05/19
846,5,15,Vicki,Twohig,Female,74,Mustang,Ford,2004,,Tagfeed,Operator,3861.72,2,,2010/10/24
847,2,32,Herve,Josephi,Male,38,S80,Volvo,2019,,Edgewire,Senior Developer,7442.98,,,2012/04/20
848,12,17,Linc,Rouke,Male,25,S10,Chevrolet,2003,,Wordtune,Account Representative III,2326.01,,,2015/06/02
849,7,18,Casey,Hynard,Male,66,,,,,Ailane,Executive Secretary,5841.99,,,2014/03/22
850,4,14,Ashil,Jahncke,Female,68,Mazda3,Mazda,2013,,Dabtype,Media Manager III,4396.37,,,2013/01/22
851,10,23,Dewie,Anney,Male,59,,,,,Teklist,Physical Therapy Assistant,,,,2009/08/21
852,14,11,Rozalie,Tollemache,Female,27,,,,,Thoughtbeat,Media Manager IV,3884.48,,,2004/05/06
853,7,28,Garvey,Axell,Male,72,Legacy,Subaru,2003,,Photobug,Registered Nurse,2997.78,,,2014/02/07
854,6,34,Kendal,Mountfort,Male,33,,,,,Twitterworks,Analyst Programmer,6195.98,,,2010/06/29
855,6,5,Ricoriki,Rawdales,Male,75,Contour,Ford,2008,,Tazzy,Clinical Specialist,4281.67,,,2009/02/19
856,16,14,Donall,Waiting,Male,27,,,,,Jaloo,Health Coach I,7282.53,,,2020/05/21
857,5,10,Brnaba,Denekamp,Male,32,,,,,Oyondu,Quality Engineer,2448.61,,,2016/06/03
858,13,29,Harris,Armstead,Male,48,Bonneville,Pontiac,2019,,Quaxo,Accountant IV,4659.09,,,2011/03/03
859,15,3,Flossie,MacClenan,Female,73,Colorado,Chevrolet,2018,,Yodo,Statistician IV,6851.84,,,2017/01/24
860,15,22,Janaye,Glyssanne,Female,62,F450,Ford,2009,,Rhynyx,Software Engineer III,4311.01,,,2009/12/28
861,15,23,Nessy,de Chastelain,Female,73,Town & Country,Chrysler,2001,,Twitterbridge,Internal Auditor,3773.21,,,2012/05/02
862,10,10,Bellina,Shilleto,Female,72,Firebird,Pontiac,2012,,Brainbox,Business Systems Development Analyst,5884.7,1,,2013/11/13
863,17,27,Nicholle,Colquite,Female,40,Reatta,Buick,2002,,Twitternation,Legal Assistant,,,,2008/04/24
864,1,16,Harri,Adrian,Female,71,Gemini,Pontiac,2002,,Tambee,Technical Writer,7888.31,,,2001/12/06
865,9,3,Doy,Mockett,Male,62,Regal,Buick,2010,Cachorro,Brightbean,Mechanical Systems Engineer,3993.82,1,1,2005/11/04
866,17,7,Darb,Tennick,Male,33,3500,GMC,2015,,Livetube,VP Product Management,6685.63,,,2019/06/10
867,1,1,Griffie,Losbie,Male,29,3500,Chevrolet,1999,,Topdrive,GIS Technical Architect,6673.86,,,2014/02/22
868,13,1,Dorie,Gossart,Male,50,,,,error: Field 'thin' not found,Leexo,VP Accounting,,,1,2016/03/29
869,3,33,Lavinie,Cridlin,Female,68,Q,Infiniti,2016,,Cogilith,Systems Administrator II,5002.48,1,,2007/04/20
870,15,6,Maure,Harmond,Female,64,,,,,Layo,Staff Accountant I,3470.24,,,2002/03/18
871,4,5,Bevvy,Belfelt,Female,71,Genesis Coupe,Hyundai,2002,,Rhynyx,Geologist II,2889.84,,,2002/02/14
872,14,1,Janene,Paydon,Female,80,,,,Cachorro,Myworks,General Manager,4434.17,,1,2003/10/22
873,11,34,Laurence,MacRinn,Male,68,Accord,Honda,2003,,Tavu,Environmental Tech,2266.08,,,2004/03/29
874,8,1,Fannie,Clipston,Female,39,CL-Class,Mercedes-Benz,1998,,Twitterbeat,Legal Assistant,,,,2006/08/17
875,16,15,Lorrie,Reyner,Male,74,Elantra,Hyundai,2009,,Gevee,Librarian,6336.35,,,2000/07/27
876,15,1,Kim,Ivanuschka,Male,62,,,,,Fanoodle,Software Engineer III,4327.2,,,2018/09/18
877,12,35,Rikki,Need,Female,80,,,,,Buzzster,Recruiter,7692.26,,,2011/09/16
878,12,28,Brynne,Shorto,Female,68,,,,,Thoughtmix,Office Assistant II,3037.05,,,2006/04/15
879,14,21,Karlotta,Bernaert,Female,46,VUE,Saturn,2017,,Eamia,Librarian,7692.6,,,2003/10/24
880,17,24,Dom,Kingzett,Male,45,Fairlane,Ford,2019,,Meedoo,Geological Engineer,7533.0,2,,2000/09/14
881,4,24,Toby,Wapple,Female,66,Escort,Ford,2000,,Meezzy,Environmental Tech,,,,2006/03/02
882,9,32,Evelyn,Lydster,Male,48,Blackwood,Lincoln,2011,,Zoomzone,Editor,,,,2010/12/13
883,16,8,Kassey,Ramsden,Female,58,,,,,Zoonder,Community Outreach Specialist,2779.59,,,2013/07/20
884,9,13,Eden,Veale,Female,79,XT,Subaru,2004,,Skajo,Editor,5302.49,,,2007/05/20
885,13,19,Christian,Gremain,Female,66,,,,,Thoughtbeat,Librarian,3285.97,1,,2014/04/29
886,10,24,Olivia,Kittredge,Female,77,Cougar,Mercury,2011,,Meevee,Junior Executive,4453.46,,,2008/07/20
887,5,30,Enriqueta,Cubuzzi,Female,74,929,Mazda,2013,error: Field 'thin' not found,Demizz,Librarian,6303.0,,1,2006/06/22
888,14,27,Ardys,Salzen,Female,56,,,,,,,3896.79,,,2010/02/06
889,14,36,Tyler,Craze,Male,30,,,,,Minyx,Junior Executive,3976.98,,,2002/02/18
890,15,5,Diarmid,Marcome,Male,31,,,,,Lazz,Account Coordinator,3197.9,,,2019/12/10
891,2,19,Malchy,Figure,Male,50,,,,,Camimbo,Administrative Officer,2712.12,1,,2006/02/05
892,7,7,Rollo,Souten,Male,63,LHS,Chrysler,2010,,Zoovu,Sales Associate,2292.33,,,2017/12/27
893,8,13,Tybalt,Hilland,Male,79,HHR,Chevrolet,2014,,Topdrive,Accountant III,6787.46,,,2009/05/11
894,16,32,Gale,Henriquet,Female,49,Tacoma Xtra,Toyota,2002,,Plambee,Environmental Specialist,4829.1,,,2008/09/18
895,6,19,Ravi,Copsey,Male,25,Taurus,Ford,1999,,Tekfly,Food Chemist,,,,2014/09/14
896,11,11,Nickola,Cowoppe,Male,75,,,,,Realcube,Geologist III,,1,,2005/04/20
897,2,5,Barnaby,Gyorgy,Male,27,GTI,Volkswagen,2014,,Camido,Statistician III,,,,2004/01/14
898,2,4,Ainslee,Hencke,Female,72,Grand Cherokee,Jeep,2001,,Youbridge,VP Product Management,3220.5,,,2006/11/02
899,3,12,Cyrille,Hotson,Male,64,Justy,Subaru,2000,,Ailane,VP Quality Control,5804.41,,,2017/07/04
900,11,22,Jerrold,Hargerie,Male,75,M Roadster,BMW,2009,,Voolia,Business Systems Development Analyst,4685.95,,,2007/01/29
901,7,28,Derward,Balint,Male,58,,,,Cachorro,Voonder,Assistant Professor,,,1,2012/11/16
902,12,26,Rebecca,Mitkov,Female,41,,,,,Youspan,GIS Technical Architect,5164.09,,,2012/12/27
903,16,12,Jessie,Chrystal,Female,28,Pathfinder,Nissan,1998,,Devpulse,Technical Writer,4959.98,,,2003/09/16
904,3,26,Zara,Reihm,Female,64,,,,,Demivee,Financial Advisor,7457.33,,,2000/07/27
905,15,23,Matias,Emes,Male,74,,,,,Twitternation,Chemical Engineer,2673.88,,,2008/02/28
906,5,5,Oby,Kettlestring,Male,26,Legacy,Subaru,2014,,,,7950.74,1,,2014/07/30
907,6,29,Donovan,Adamiak,Male,62,,,,,Twimm,Project Manager,4046.88,1,,2003/07/18
908,4,25,Jenni,Kilbee,Female,27,,,,,Zoombox,Project Manager,4654.67,,,2005/04/18
909,16,2,Anny,Tapson,Female,77,Lucerne,Buick,2002,,LiveZ,Graphic Designer,3582.57,,,2007/10/14
910,16,38,Jervis,Simionescu,Male,51,,,,,Mynte,Technical Writer,7575.64,,,2008/12/05
911,10,19,Walt,Reaper,Male,75,TrailBlazer,Chevrolet,2017,error: Field 'thin' not found,Zoonder,Help Desk Operator,3987.42,2,1,2009/09/06
912,5,32,Catina,Hebard,Female,56,,,,,Lazzy,VP Sales,6462.28,2,,2017/08/21
913,8,3,Karim,Abramovitch,Male,75,,,,,Skippad,Environmental Specialist,6446.62,,,2007/02/10
914,3,11,Ric,Wilcox,Male,61,,,,,Thoughtbeat,GIS Technical Architect,4779.3,,,2010/10/11
915,12,35,Lu,Cambell,Female,51,,,,,Dabjam,Marketing Manager,,,,2013/07/20
916,6,13,Ruthy,Adne,Female,76,,,,,,,6389.3,1,,2010/08/04
917,1,1,Anna-maria,Bratchell,Female,32,,,,,,,3431.74,,,2007/04/24
918,14,38,Adina,Spatarul,Female,50,,,,,Eire,Physical Therapy Assistant,7936.08,,,2004/01/23
919,1,13,Smitty,Dog,Male,49,Imperial,Chrysler,1998,,Jazzy,Information Systems Manager,4641.67,,,2010/07/21
920,13,32,Haskell,Fetherstan,Male,37,FX,Infiniti,2013,,Avaveo,Occupational Therapist,7192.18,,,2002/10/19
921,17,22,Dorisa,Carwithen,Female,37,,,,,Roombo,Automation Specialist III,3466.33,,,2010/07/14
922,17,8,Codi,Riley,Female,70,Cavalier,Chevrolet,2019,,Riffpedia,Assistant Professor,3210.09,,,2016/07/08
923,12,2,Tate,Shales,Female,77,Mustang,Ford,2002,,Topicblab,Computer Systems Analyst I,5459.57,,,2016/08/09
924,3,38,Reg,Wakeham,Male,41,,,,,Podcat,Human Resources Assistant III,7164.55,,,2004/01/09
925,12,13,Syman,Kemson,Male,73,Grand Marquis,Mercury,2019,,Linkbridge,Developer IV,4705.89,,,2012/07/28
926,11,38,Heath,Christin,Female,43,,,,,Pixonyx,Quality Engineer,5847.5,,,2017/02/27
927,4,9,Courtenay,Roskruge,Female,45,C-Class,Mercedes-Benz,2017,,Trilia,Financial Analyst,5775.87,,,2010/05/27
928,2,29,Maribeth,Wilkie,Female,66,Passat,Volkswagen,2004,,Youfeed,Chemical Engineer,2841.24,,,2017/06/17
929,11,5,Lauren,Shotbolt,Male,47,Express 3500,Chevrolet,2005,,Babbleset,Librarian,6457.18,2,,2008/06/29
930,5,24,Aldin,Nozzolii,Male,59,Corrado,Volkswagen,1999,,Thoughtstorm,General Manager,4585.97,,,2010/10/16
931,1,24,Clint,Libri,Male,63,,,,,Devcast,Budget/Accounting Analyst II,2311.65,,,2018/08/21
932,13,29,Wanda,De Clairmont,Female,60,Laser,Plymouth,2010,,Janyx,VP Product Management,7897.69,,,2012/01/31
933,17,8,Felic,Blakey,Male,25,,,,,,,5069.12,2,,2011/02/06
934,3,20,Skyler,Mickan,Male,78,Suburban,Chevrolet,2015,,Cogibox,Research Associate,4451.21,,,2020/03/30
935,11,14,Jaclin,Nisbith,Female,48,Outback,Subaru,2003,error: Field 'thin' not found,Devpoint,Quality Engineer,3919.59,,1,2006/09/13
936,14,24,Ingaborg,Benedict,Female,61,S-Class,Mercedes-Benz,1998,,Innotype,Civil Engineer,4817.26,,,2012/07/16
937,5,23,Fernande,Gubbin,Female,41,Intrepid,Dodge,2010,,Yakidoo,Assistant Media Planner,5209.98,,,2012/01/15
938,17,1,Chucho,Raspin,Male,62,,,,,Zooxo,Analog Circuit Design manager,6412.51,,,2013/11/08
939,14,20,Artair,Setterfield,Male,63,,,,error: Field 'thin' not found,Photofeed,GIS Technical Architect,,1,1,2005/02/14
940,17,31,Eolanda,Harberer,Female,61,,,,,Skyble,Financial Advisor,,,,2011/04/17
941,7,25,Web,Taylorson,Male,71,911,Porsche,2007,,Meeveo,Social Worker,4113.27,,,2018/09/20
942,5,12,Bo,Cronin,Male,27,Cruze,Chevrolet,2008,,Skinix,Internal Auditor,7301.5,2,,2007/09/30
943,17,6,Emmy,Capelow,Male,53,Range Rover,Land Rover,2008,,,,7114.79,1,,2017/11/23
944,11,36,Barnaby,Haston,Male,36,Sequoia,Toyota,2017,,Riffpedia,Geologist II,,2,,2012/05/02
945,14,16,Stewart,Duplain,Male,43,,,,,Oyondu,Teacher,3375.95,,,2019/10/19
946,8,12,Florry,Grigorescu,Female,65,,,,,Skyble,Budget/Accounting Analyst I,3291.86,,,2011/05/09
947,2,17,Abeu,Jarman,Male,77,Passat,Volkswagen,2017,,Topdrive,Sales Associate,5114.51,,,2002/01/06
948,15,18,Duky,Carmel,Male,44,Rally Wagon 2500,GMC,2000,,Kimia,Marketing Manager,,,,2016/01/27
949,17,31,Quintus,Hirschmann,Male,25,VUE,Saturn,2009,,,,4458.81,,,2014/01/23
950,15,7,Louisette,Hullin,Female,47,F150,Ford,2014,,Gigashots,Senior Financial Analyst,3736.62,,,2020/01/02
951,11,6,Joyce,Auchterlonie,Female,57,TL,Acura,2017,,Kimia,Food Chemist,2392.1,,,2006/10/14
952,4,31,Caleb,Harness,Male,70,S60,Volvo,1998,,Kare,Research Nurse,7179.51,,,2012/10/18
953,12,23,Leland,Hadcock,Male,43,Expedition,Ford,2014,,Yabox,Health Coach III,,,,2011/08/25
954,16,4,Englebert,Timny,Male,78,Roadmaster,Buick,2019,error: Field 'thin' not found,Brightbean,Payment Adjustment Coordinator,2391.28,,1,2017/02/23
955,11,36,Adelice,Crickmer,Female,50,,,,error: Field 'thin' not found,Shufflebeat,Media Manager III,7284.61,,1,2009/01/06
956,1,35,Vittorio,Everiss,Male,47,Metro,Geo,2009,,Mita,Legal Assistant,7963.44,,,2007/01/08
957,6,17,Bank,Avramovic,Male,42,929,Mazda,2007,,,,,,,2017/09/18
958,5,33,Giacomo,Honig,Male,45,,,,,Meetz,Help Desk Technician,7829.13,,,2014/12/15
959,10,32,Hadleigh,Heers,Male,75,9-3,Saab,2010,,Ainyx,VP Marketing,,,,2013/11/10
960,9,19,Annissa,Kettles,Female,35,,,,,,,2493.86,,,2018/09/24
961,17,25,Stafford,Shew,Male,76,Mountaineer,Mercury,2007,,,,6162.52,2,,2007/02/19
962,10,15,Ruth,Rottenbury,Female,45,Endeavor,Mitsubishi,2015,,Tavu,Staff Accountant III,3740.47,,,2009/01/06
963,16,18,Morna,Linklater,Female,29,,,,,Zoomcast,Budget/Accounting Analyst I,4241.94,,,2018/06/23
964,6,38,Jo ann,Kingdom,Female,58,,,,,Jetwire,Administrative Assistant IV,6014.3,,,2008/09/02
965,11,13,Ranice,Grave,Female,78,G-Series G30,Chevrolet,2012,,Youtags,Nuclear Power Engineer,3038.78,,,2013/04/18
966,2,31,Rania,Sabatini,Female,79,,,,,Feedbug,Staff Accountant III,4041.6,,,2013/01/03
967,1,38,Garwood,Mainds,Male,76,Dakota,Dodge,2006,,Zava,Biostatistician I,5342.21,1,,2011/03/01
968,3,36,Federica,Jorgensen,Female,36,Alero,Oldsmobile,2017,,Yamia,VP Marketing,3777.03,,,2014/12/06
969,9,12,Kelly,Isaak,Male,78,,,,,Skiba,Director of Sales,3323.26,,,2005/07/09
970,1,18,Chalmers,Lightoller,Male,25,Sportvan G30,Chevrolet,2002,,Wikivu,Sales Associate,2813.83,,,2011/01/18
971,14,22,Amalle,Presslee,Female,80,,,,,Thoughtworks,Research Associate,,,,2004/02/29
972,4,5,Katina,Leaming,Female,74,GS,Lexus,2015,,Topicblab,Chief Design Engineer,,,,2016/02/21
973,14,25,Alberto,Cromley,Male,28,Mustang,Ford,2006,,Realpoint,Recruiter,4894.91,,,2013/11/02
974,7,13,Roddie,Dun,Male,80,9-7X,Saab,2008,,Kanoodle,Software Consultant,,,,2017/06/10
975,17,35,Michaella,Reimer,Female,46,88,Oldsmobile,2000,,Meedoo,Financial Advisor,,,,2019/07/01
976,10,32,Jerri,Kyne,Male,59,GL-Class,Mercedes-Benz,2000,,Gabspot,Recruiter,6589.55,2,,2004/09/10
977,15,26,Bertram,Beachamp,Male,70,Golf,Volkswagen,2010,,Lazzy,Developer IV,5289.43,,,2008/10/26
978,9,16,Guthry,Youster,Male,70,Cube,Nissan,2006,,Browsedrive,Staff Scientist,3937.45,,,2010/12/07
979,2,24,Reamonn,Scyone,Male,34,,,,,Trudeo,Engineer III,3384.05,,,2005/02/02
980,9,30,Washington,O'Neill,Male,74,Silverado,Chevrolet,1998,,Skyble,Senior Quality Engineer,4805.61,1,,2000/09/20
981,15,12,Renato,Crabtree,Male,52,Rio5,Kia,2007,,Npath,Sales Associate,7520.17,,,2014/07/24
982,2,2,Wilhelmine,Horlock,Female,59,Elantra,Hyundai,2013,,Topicblab,Health Coach IV,4492.2,,,2007/04/19
983,6,26,Sonny,Roels,Male,36,Sierra 3500,GMC,2009,,Leexo,Cost Accountant,5900.81,2,,2003/06/24
984,13,17,Lisetta,Ricardet,Female,45,,,,,Browseblab,Research Nurse,2458.16,,,2001/05/24
985,3,22,Dory,Clue,Male,42,Legacy,Subaru,2001,,Wordpedia,Editor,6616.92,,,2015/09/12
986,11,18,Fields,Whenman,Male,31,Corsica,Chevrolet,2001,,Bubbletube,Paralegal,,,,2011/06/07
987,7,11,Nelli,Gile,Female,30,Safari,GMC,2015,,Photojam,Computer Systems Analyst III,,,,2004/09/25
988,14,34,Garland,Pratley,Female,59,XJ,Jaguar,2004,,Plambee,Community Outreach Specialist,7081.0,,,2016/05/20
989,3,3,Wanda,Spatarul,Female,68,Celica,Toyota,2006,error: Field 'thin' not found,Oyope,Human Resources Assistant I,4600.09,1,1,2013/01/11
990,2,25,Tawsha,Quiddington,Female,37,Verona,Suzuki,2013,,Wordify,Statistician I,2025.31,,,2012/11/12
991,2,11,Jacinta,Burry,Female,46,,,,,Fadeo,Research Assistant I,3851.46,,,2013/06/14
992,10,27,Miner,Pasley,Male,66,530,BMW,2005,,Yoveo,Administrative Assistant IV,4148.44,,,2001/03/15
993,9,17,Tatum,Benjamin,Female,36,,,,,Linkbridge,Recruiting Manager,6489.72,,,2001/11/25
994,12,34,Milka,Russilll,Female,34,Sonata,Hyundai,2012,,,,,,,2001/08/30
995,7,21,Jacob,Girdwood,Male,75,QX,Infiniti,2005,,Quinu,Clinical Specialist,2706.34,,,2014/12/11
996,1,36,Chevalier,Heal,Male,49,X5,BMW,2016,error: Field 'thin' not found,Divape,Senior Financial Analyst,,,1,2007/12/06
997,1,23,Brittne,Bertin,Female,72,,,,,Gigashots,Sales Representative,3387.15,,,2010/05/11
998,6,14,Toma,Pauwel,Female,69,B-Series,Mazda,2010,,Divavu,Computer Systems Analyst III,2546.91,,,2008/01/11
999,11,19,Willette,Stebbings,Female,36,,,,,Cogilith,Civil Engineer,6761.76,2,,2002/07/26
1000,10,8,Waldo,Bond,Male,77,Sunbird,Pontiac,2014,,Yodoo,Social Worker,,,,2010/12/17
