id,bloco,apartamento,nome,sobrenome,sexo,idade,modelo_veiculo,marca_veiculo,ano_veiculo,animais,empresa,profissao,salario,filhos,garagem,morador_desde
1,15,33,Jerry,Gherardelli,Male,75,Intrepid,Dodge,2018,,Skiptube,Pharmacist,4908.75,,,2015/12/25
2,16,38,Micah,Habeshaw,Male,46,Impreza,Subaru,1999,,Wikizz,Recruiting Manager,2023.16,,,2016/10/13
3,15,27,Brennen,Luna,Male,80,,,,,Skaboo,Director of Sales,2337.95,,,2000/08/25
4,9,22,Bartolomeo,Bortol,Male,69,,,,,Linklinks,Clinical Specialist,7676.06,,,2018/10/07
5,16,15,Beryle,Yakovich,Female,79,Endeavor,Mitsubishi,2002,Passaro,Vinte,Assistant Manager,7290.63,2,1,2015/10/14
6,14,31,Lorry,Noto,Male,43,,,,,Zoonder,Nurse,,1,,2001/03/17
7,9,27,Betsey,Gillet,Female,65,,,,,Jetwire,Analog Circuit Design manager,3673.06,2,,2016/09/26
8,7,16,Mariana,Sugg,Female,50,,,,,Gigazoom,Accounting Assistant IV,2004.93,,,2011/05/31
9,5,6,Rey,Nunn,Female,59,DTS,Cadillac,2010,Passaro,Aimbo,Assistant Media Planner,6978.06,,1,2018/05/29
10,4,30,Ritchie,Bibey,Male,53,Skyhawk,Buick,2011,,Nlounge,Financial Advisor,5463.92,1,,2015/06/03
11,17,24,Lyndel,Pallister,Female,76,SL-Class,Mercedes-Benz,2013,,Kazu,Quality Control Specialist,,,,2010/10/31
12,3,23,Ingeborg,Hamsher,Female,56,Outlander,Mitsubishi,2019,,Chatterbridge,Legal Assistant,5282.61,1,,2019/12/19
13,14,18,Karon,Raddin,Female,71,,,,,Flipbug,Associate Professor,4422.68,,,2019/06/04
14,1,5,Maddy,Drysdall,Female,42,,,,,Browsecat,Librarian,,,,2010/09/16
15,8,11,Ignatius,Vlasin,Male,48,Sidekick,Suzuki,2003,,Pixope,Sales Representative,4428.25,,,2011/06/02
16,14,22,Falkner,Jime,Male,26,Passport,Honda,2015,,Flipopia,Speech Pathologist,2344.08,,,2018/12/22
17,12,12,Ashleigh,Rupke,Female,67,Tahoe,Chevrolet,2001,,BlogXS,Accounting Assistant I,6902.14,,,2004/09/06
18,10,24,Liuka,Turri,Female,49,,,,,Podcat,Design Engineer,2028.4,1,,2005/01/18
19,12,18,Fionna,Farington,Female,27,,,,,Oyoyo,Human Resources Assistant III,,,,2015/04/25
20,14,7,Mathe,Sieur,Male,63,Grand Prix,Pontiac,2008,,Feednation,Research Associate,4556.32,,,2015/06/26
21,14,3,Had,Highman,Male,67,,,,,Babbleopia,VP Quality Control,2590.44,2,,2007/08/30
22,6,37,Papagena,Guess,Female,73,Celica,Toyota,2007,Gato,Chatterpoint,Quality Control Specialist,5952.54,,1,2005/08/06
23,14,13,Verena,Rase,Female,36,,,,,Zooveo,Recruiter,,,,2007/02/21
24,3,35,Bertram,Hulse,Male,53,,,,,,,6943.92,,,2015/05/17
25,8,33,Curt,Jimes,Male,43,,,,,Reallinks,Graphic Designer,6414.14,,,2010/11/20
26,6,32,Millie,Riccione,Female,44,,,,,Voomm,Internal Auditor,7166.28,1,,2011/03/26
27,10,31,Marje,Smeaton,Female,68,MKX,Lincoln,2016,,Buzzshare,Structural Analysis Engineer,7891.1,,,2015/04/09
28,4,1,Alvira,Lepick,Female,73,,,,,Tagopia,Professor,2520.77,2,,2009/11/23
29,15,28,Carl,Scouler,Male,50,Parisienne,Pontiac,2002,,Thoughtsphere,Clinical Specialist,4534.13,,,2016/01/01
30,13,8,Sonni,Daglish,Female,61,911,Porsche,2015,,Twitterbridge,Financial Analyst,2068.8,1,,2012/05/06
31,13,15,Gonzalo,Noyes,Male,34,,,,Rato,Jabbertype,VP Accounting,,2,1,2006/01/01
32,14,4,Monika,Maccrie,Female,39,,,,,Geba,Biostatistician I,,,,2019/01/10
33,10,30,Alleen,Christofides,Female,64,B-Series,Mazda,2012,,Lazzy,Health Coach II,5369.75,,,2003/09/28
34,15,6,Prinz,Sylvester,Male,54,Murci√©lago,Lamborghini,2012,,Skyndu,Nuclear Power Engineer,3323.98,,,2002/03/20
35,14,26,Cristabel,Yggo,Female,33,Corvette,Chevrolet,2016,,Fivespan,Financial Analyst,6199.71,,,2005/01/02
36,13,32,Carey,Ruttgers,Male,44,Century,Buick,2015,,Roodel,Assistant Manager,7077.95,,,2014/10/20
37,11,36,Giselbert,Spenclay,Male,43,928,Porsche,1999,,Flipstorm,Food Chemist,2456.9,,,2015/02/02
38,16,5,Norene,Pepys,Female,49,Vandura 1500,GMC,2018,,Aimbu,Assistant Manager,6087.53,1,,2013/06/28
39,3,36,Hildy,Casserley,Female,80,Continental,Lincoln,2020,,Skyvu,Budget/Accounting Analyst IV,2953.49,,,2017/11/27
40,3,30,Byron,Janzen,Male,75,Canyon,GMC,2015,,Photojam,Administrative Officer,4438.19,1,,2015/02/04
41,1,10,Geneva,Dormand,Female,40,Arnage,Bentley,2000,Outros,Gabspot,Human Resources Manager,5696.76,,1,2008/05/28
42,4,15,Deonne,Serjeant,Female,58,,,,,Devpulse,Registered Nurse,4637.61,2,,2018/10/04
43,8,18,Roscoe,Scotchford,Male,60,Stanza,Nissan,2016,,Centimia,Compensation Analyst,3209.71,2,,2018/03/20
44,11,27,Germaine,McChruiter,Female,56,Odyssey,Honda,1999,,Fiveclub,Systems Administrator IV,2134.62,,,2015/07/06
45,2,17,Marshall,Size,Male,71,Magnum,Dodge,2012,,Bubblebox,Staff Scientist,,,,2001/10/15
46,13,20,Melanie,Daveley,Female,80,,,,,Midel,Editor,2150.73,,,2015/08/13
47,17,37,Agneta,Cauley,Female,44,,,,,Kamba,Developer IV,,,,2018/03/21
48,14,14,Cort,Shimoni,Male,27,,,,,Tanoodle,Food Chemist,7519.84,1,,2018/12/08
49,2,14,Bellanca,Coatts,Female,63,V8,Audi,2005,Cachorro,Twitterworks,Web Designer II,7866.7,2,1,2007/02/20
50,4,36,Fremont,Leving,Male,59,,,,,Zoonoodle,Administrative Officer,2530.06,,,2009/03/17
51,14,8,Nevin,Kingzett,Male,62,GTI,Volkswagen,1998,,Trupe,Geological Engineer,5104.6,,,2005/11/20
52,2,12,Cleve,Bras,Male,42,Avalon,Toyota,1999,,Katz,Product Engineer,7847.7,,,2020/01/03
53,11,17,Robinetta,Veel,Female,54,Defender,Land Rover,1999,,Brightdog,Nurse,7933.64,1,,2010/07/11
54,17,19,Manfred,Hastewell,Male,58,,,,,Brainsphere,Software Test Engineer IV,4598.25,,,2012/07/25
55,2,2,Marissa,Ambrogiotti,Female,29,Reatta,Buick,2017,,Abatz,Information Systems Manager,4436.77,,,2005/03/23
56,3,33,Glen,Mugford,Female,71,,,,,Avamm,Quality Control Specialist,4663.02,1,,2012/01/22
57,17,20,Annabell,Winson,Female,55,Uplander,Chevrolet,2011,,Teklist,Pharmacist,2445.61,,,2002/10/13
58,8,4,Karola,Maes,Female,38,Gemini,Pontiac,2020,,Gigaclub,Editor,6698.56,,,2001/02/14
59,9,13,Calley,Pie,Female,63,Sunfire,Pontiac,2008,,Buzzster,Data Coordiator,4593.95,2,,2019/03/29
60,1,27,Westley,Agron,Male,50,XLR,Cadillac,2013,,Zoomlounge,Executive Secretary,6021.7,,,2007/05/17
61,14,10,Garrot,Emanulsson,Male,54,Dakota,Dodge,2014,,Divape,Human Resources Manager,7571.9,,,2017/10/20
62,9,6,Nathalie,Patkin,Female,79,Vitara,Suzuki,1998,,Roombo,Legal Assistant,2538.39,,,2013/06/28
63,9,21,Clyve,Counsell,Male,56,,,,,Eadel,Nurse Practicioner,3295.44,,,2011/05/25
64,4,1,Niccolo,Crowch,Male,70,,,,,Zazio,Director of Sales,4675.52,,,2012/12/03
65,17,2,Leigh,Gianettini,Male,67,Camry Hybrid,Toyota,2000,,Voomm,Media Manager I,7196.57,,,2006/10/27
66,6,13,Marne,Roseblade,Female,37,Sable,Mercury,2012,,Realcube,Office Assistant III,5890.55,,,2019/11/26
67,2,32,Loni,Maplesden,Female,45,,,,,Katz,Community Outreach Specialist,2602.46,,,2000/09/09
68,12,31,Artemas,Philo,Male,73,S-Class,Mercedes-Benz,2004,,Lazzy,Nurse Practicioner,7864.65,,,2006/10/26
69,10,21,Cesaro,Towner,Male,43,Century,Buick,2015,,Talane,Nurse Practicioner,7375.93,,,2019/09/13
70,5,16,Palmer,Michelmore,Male,71,,,,,Npath,Speech Pathologist,6513.36,,,2011/10/12
71,7,32,Alane,Sextie,Female,42,,,,,Zoonoodle,Data Coordiator,2666.09,,,2019/08/16
72,17,19,Elsi,Ciementini,Female,36,,,,,Rooxo,Financial Advisor,3196.28,,,2012/11/19
73,10,32,Amabel,Gooderson,Female,27,,,,,Viva,Graphic Designer,,2,,2009/09/15
74,10,24,Konstantine,Qualtrough,Male,48,Suburban 2500,Chevrolet,2006,,Kazu,Product Engineer,4220.13,,,2018/12/03
75,13,29,Grier,Davids,Female,44,Esperante,Panoz,2013,Cachorro,Skipfire,Community Outreach Specialist,6496.13,,1,2017/01/18
76,8,17,Lynelle,Dearth,Female,31,,,,,Dynava,Structural Engineer,4611.64,,,2003/07/30
77,6,3,Matthias,Halshaw,Male,32,Endeavor,Mitsubishi,2014,,Topdrive,Financial Advisor,3199.88,,,2009/07/25
78,3,16,Spence,Treves,Male,38,900,Saab,2012,,Thoughtworks,Budget/Accounting Analyst III,6277.91,,,2007/05/13
79,12,5,Lena,Blaschke,Female,33,Sonoma Club,GMC,2015,,Rhynyx,Information Systems Manager,2355.04,,,2020/02/27
80,17,28,Thayne,Preist,Male,44,E150,Ford,1999,,Skinix,Recruiter,2441.82,,,2019/09/06
81,1,30,Locke,Spilsburie,Male,44,,,,Outros,Dabtype,Data Coordiator,5321.52,,1,2003/04/19
82,17,9,Cherilyn,Edler,Female,42,5 Series,BMW,2000,,Blognation,Research Nurse,5477.54,2,,2017/07/12
83,6,19,Nobie,Boddymead,Male,45,207,Peugeot,2002,,Lazz,Database Administrator II,,,,2010/04/06
84,11,8,Stacy,Tidball,Male,30,CL,Acura,2014,,Zoomlounge,Structural Engineer,6070.79,,,2008/06/12
85,4,19,Carree,Llywarch,Female,44,Acadia,GMC,2013,,Layo,Business Systems Development Analyst,,,,2010/09/25
86,6,9,Brig,McReath,Male,38,,,,,Browsecat,Social Worker,2296.85,,,2018/12/22
87,2,34,Tripp,McGillivray,Male,49,,,,,Voonix,Web Designer II,,,,2011/02/26
88,12,33,Esra,Bedson,Male,25,Accord,Honda,2020,,LiveZ,VP Quality Control,2586.74,2,,2013/06/04
89,6,16,Leia,Bergstram,Female,76,Diamante,Mitsubishi,2002,,Browsetype,Office Assistant II,4754.4,,,2006/06/30
90,7,7,Felix,Stuart,Male,61,New Beetle,Volkswagen,2016,,Jaxbean,Product Engineer,3223.92,1,,2015/06/09
91,16,15,Alvinia,Flacke,Female,45,HS,Lexus,2003,,Topicblab,Human Resources Manager,5480.76,,,2002/02/07
92,4,22,Sarina,Bickle,Female,48,,,,,Quinu,Internal Auditor,4220.59,,,2011/02/21
93,9,35,Philis,Melby,Female,58,9-5,Saab,1998,,Cogidoo,Electrical Engineer,2714.77,,,2008/11/20
94,8,34,Drugi,Aizic,Male,28,Truck,Mitsubishi,2016,,Mydeo,Environmental Tech,2196.45,,,2013/12/22
95,5,2,Gabriella,Le Batteur,Female,80,Optima,Kia,2001,,Voonder,Social Worker,,2,,2017/09/22
96,7,29,Jeannette,Barnett,Female,71,,,,,Skiptube,Software Test Engineer II,7919.64,,,2017/06/21
97,1,21,Libbey,Dearlove,Female,47,Voyager,Chrysler,2003,,Voonyx,Teacher,6271.67,1,,2005/06/25
98,11,20,Oliviero,Seyffert,Male,51,,,,,Meevee,Geologist II,,,,2015/04/28
99,9,1,Darby,Skyner,Male,75,Silhouette,Oldsmobile,2012,,Brightdog,VP Product Management,3593.47,,,2017/08/21
100,11,15,Libby,Hawkes,Female,41,Zephyr,Lincoln,2017,,Jayo,Technical Writer,5685.74,2,,2020/02/19
101,8,28,Elset,Langwade,Female,61,Daewoo Kalos,Pontiac,1999,,Blogtags,Mechanical Systems Engineer,6860.97,,,2002/10/19
102,9,17,Rhianon,Holywell,Female,33,,,,Passaro,,,,1,1,2002/04/29
103,17,35,Gilles,Presnall,Male,52,Sportvan G10,Chevrolet,2014,Gato,Kare,Systems Administrator I,7910.82,,1,2008/05/23
104,17,28,Clayson,Dealey,Male,44,,,,,Babbleopia,Marketing Manager,6178.19,2,,2006/10/24
105,13,26,Alisun,Beet,Female,68,S-Type,Jaguar,2011,,Tagpad,Accounting Assistant I,5344.33,2,,2012/01/09
106,2,19,Wain,Frosch,Male,32,,,,Rato,Thoughtbridge,Sales Associate,2828.76,,1,2017/12/03
107,12,4,Antonia,Alforde,Female,73,S-Series,Saturn,2020,,Linkbuzz,Chemical Engineer,2068.45,,,2011/08/12
108,7,32,Marnie,Limpertz,Female,41,,,,Gato,Skyble,Librarian,2712.29,,1,2003/04/07
109,13,34,Christoffer,Trew,Male,34,300ZX,Nissan,2004,,Skipstorm,Systems Administrator IV,7293.71,,,2009/11/05
110,11,19,Mara,D'Alessio,Female,34,Jetta III,Volkswagen,2011,,Twitterbridge,Software Consultant,,,,2016/07/18
111,16,5,Jayne,Koppke,Female,37,,,,,Blogspan,Programmer Analyst I,6976.97,,,2019/05/24
112,8,1,Janelle,Brundall,Female,44,,,,,Trudeo,Statistician IV,,,,2008/03/12
113,4,9,Ashlee,Strowan,Female,69,Sparrow,Corbin,1999,Cachorro,Einti,Budget/Accounting Analyst II,7708.76,,1,2005/05/25
114,12,11,Gordie,Sugars,Male,62,Grand Caravan,Dodge,2007,Rato,Fadeo,Recruiting Manager,,1,1,2018/04/22
115,12,10,Almeda,Gisbye,Female,67,Corrado,Volkswagen,2004,,Livetube,Recruiter,5840.45,2,,2015/05/27
116,16,18,Parnell,Sikorski,Male,30,,,,,Twitterwire,Speech Pathologist,5654.21,,,2011/09/08
117,2,38,Ethan,Commings,Male,45,,,,,Divape,Librarian,5762.48,1,,2011/05/11
118,3,21,Kelly,Maclean,Male,64,,,,,Photojam,Geologist II,,,,2015/05/01
119,16,6,Clementine,Perrelle,Female,33,,,,,Youspan,Structural Analysis Engineer,3371.76,,,2011/02/10
120,4,36,Reece,Bruckent,Male,64,,,,,Linktype,Director of Sales,2999.98,1,,2016/03/14
121,15,21,Dex,McClurg,Male,52,Sentra,Nissan,2016,,Meejo,Budget/Accounting Analyst II,4563.7,,,2004/07/17
122,11,5,Elisabeth,Engelmann,Female,47,,,,,Realbridge,Paralegal,6168.5,,,2018/03/20
123,2,28,Atlanta,Snelson,Female,60,Cayenne,Porsche,2014,,Thoughtbridge,Office Assistant IV,5024.72,,,2011/03/01
124,17,22,Abby,Jan,Male,55,Windstar,Ford,2004,,Roodel,Account Executive,2254.04,,,2002/07/07
125,10,20,Giffard,Mannering,Male,56,Escort ZX2,Ford,2005,,,,4929.91,,,2010/11/17
126,13,3,Sanford,Lettson,Male,30,,,,,Trilith,Safety Technician III,7457.72,,,2012/03/01
127,12,18,Barnabas,Feast,Male,58,,,,,Yozio,Teacher,7191.28,,,2010/05/26
128,4,27,Phillip,Dragon,Male,35,Continental Mark VII,Lincoln,1999,Cachorro,Wordware,Professor,3481.23,,1,2009/09/04
129,11,32,Amble,Linney,Male,66,,,,,Dabshots,Developer IV,3225.84,2,,2006/12/28
130,6,7,Josi,O'Dougherty,Female,33,,,,,Meedoo,Human Resources Assistant I,5255.78,,,2001/10/29
131,3,20,Onfroi,Letten,Male,25,,,,,Gabspot,Geologist II,3038.47,,,2010/05/08
132,17,33,Melody,Hatchard,Female,52,C8 Spyder Wide Body,Spyker,2002,,,,2061.59,,,2018/10/07
133,14,16,Deana,Le Sieur,Female,72,,,,,Leenti,Staff Accountant III,5361.39,2,,2020/01/28
134,2,35,Flory,Bowler,Female,47,,,,,Kwimbee,Human Resources Manager,2173.42,,,2014/04/14
135,6,32,Jermaine,Retter,Male,35,,,,,Jaxworks,Pharmacist,7701.78,,,2019/05/14
136,2,7,Lev,Hearon,Male,75,,,,,Twitterbeat,Analog Circuit Design manager,3653.99,,,2017/04/15
137,13,23,Hallsy,Defries,Male,51,,,,,Tagpad,Product Engineer,,2,,2010/02/16
138,14,26,Kerri,Kovnot,Female,71,Starion,Mitsubishi,2016,,Kayveo,Quality Engineer,2761.33,1,,2000/12/08
139,14,18,Arden,Hayer,Female,62,Outlook,Saturn,2012,,Riffpath,VP Sales,7242.59,,,2000/09/27
140,9,5,Ewen,Runnicles,Male,70,Grand Am,Pontiac,2000,,Innotype,Safety Technician I,4652.75,,,2019/05/09
141,16,29,Ab,Ethington,Male,31,,,,Passaro,Oyoyo,Actuary,,,1,2011/02/28
142,2,18,Duke,MacMenamin,Male,61,Exige,Lotus,2006,Gato,Photofeed,VP Sales,7027.92,1,1,2006/07/31
143,11,31,Igor,Hanratty,Male,44,,,,,,,7364.96,,,2018/12/28
144,7,12,Guthry,Follis,Male,73,Silverado 3500,Chevrolet,2010,,,,3637.27,,,2013/05/25
145,4,4,Josie,Coolbear,Female,44,,,,Rato,Blogpad,Senior Editor,7822.35,,1,2019/04/29
146,2,28,Boony,Bache,Male,30,,,,Passaro,Mynte,Mechanical Systems Engineer,2545.3,,1,2007/06/30
147,8,32,Buffy,Prandoni,Female,59,,,,,Thoughtstorm,Director of Sales,2268.62,,,2017/03/23
148,8,22,Arabel,Jeves,Female,39,SL-Class,Mercedes-Benz,2002,,Rhycero,VP Quality Control,5743.26,,,2003/02/05
149,5,9,Claudina,Bridden,Female,58,Rodeo,Isuzu,2004,,Rhyloo,Compensation Analyst,,,,2002/11/13
150,15,20,Cass,Grevel,Male,41,Tacoma,Toyota,2002,,Youbridge,Nurse Practicioner,7526.26,,,2004/10/15
151,11,2,Joannes,Cogle,Female,77,,,,,Quamba,Structural Engineer,,,,2012/08/08
152,16,28,Bordie,Hillan,Male,48,430,Maserati,2014,,Flipopia,GIS Technical Architect,4593.32,,,2002/02/12
153,3,34,Roanna,Patkin,Female,31,Eldorado,Cadillac,1998,Gato,Blognation,Operator,,,1,2003/04/23
154,3,24,Haslett,Richen,Male,52,Prelude,Honda,2017,,Babbleopia,Quality Control Specialist,4683.14,,,2016/03/04
155,6,37,Gail,Swayton,Male,54,Suburban 2500,Chevrolet,1999,,,,,,,2015/02/02
156,11,2,Rocky,Doble,Male,32,,,,,Tanoodle,Sales Representative,5808.17,1,,2014/11/15
157,5,7,Cristian,Le Fleming,Male,36,Sonata,Hyundai,2017,,Twimm,Software Consultant,2058.76,,,2006/11/26
158,7,28,Frasier,Fernando,Male,66,Edge,Ford,2018,,Oba,Paralegal,6566.31,,,2002/01/06
159,10,21,Orlando,Syce,Male,57,Expedition EL,Ford,2008,,Kwinu,Office Assistant III,6178.58,,,2009/07/16
160,2,30,Tynan,Scala,Male,25,,,,,Devify,Social Worker,7289.87,,,2008/04/26
161,2,14,Trenna,Bryers,Female,27,,,,,Yakijo,Project Manager,7623.23,,,2017/09/05
162,1,12,Bibby,Igglesden,Female,27,Legacy,Subaru,2014,,Omba,Research Assistant III,6817.51,,,2001/08/18
163,16,37,Barbi,Gostyke,Female,77,Caravan,Dodge,2012,Gato,Nlounge,Nuclear Power Engineer,6851.43,,1,2007/07/26
164,15,5,Morena,Riglar,Female,39,Navigator,Lincoln,2004,,Skipstorm,Office Assistant IV,2895.56,,,2006/01/02
165,7,15,Harmonie,De Witt,Female,50,Tahoe,Chevrolet,2017,,Babbleblab,Occupational Therapist,3798.16,,,2012/06/27
166,4,5,Candy,Mill,Female,41,,,,,Devcast,Business Systems Development Analyst,4521.25,,,2002/05/03
167,17,26,Krystle,Roust,Female,60,,,,,Voolith,Internal Auditor,3908.56,,,2011/11/08
168,8,30,Daren,Kubasiewicz,Male,32,,,,,Minyx,Research Assistant II,5148.08,,,2017/04/14
169,14,15,Augusta,Dullingham,Female,70,,,,,Zoonder,Editor,7774.48,2,,2017/10/22
170,1,5,Terri,Kainz,Female,65,,,,Rato,Browsezoom,Recruiting Manager,,,1,2013/08/21
171,15,5,Jakob,Devons,Male,62,XC60,Volvo,2011,,Realcube,Human Resources Assistant IV,5070.49,,,2007/01/30
172,10,29,Debbie,Finley,Female,56,Camry Hybrid,Toyota,2009,,Topicshots,General Manager,5208.42,2,,2013/12/06
173,3,38,Melinde,Huckleby,Female,36,2500,Ram,2016,,,,7424.8,,,2001/05/18
174,16,38,Hadrian,Scotchmur,Male,31,911,Porsche,2000,,Viva,Sales Associate,5012.59,,,2017/05/15
175,13,22,Laurette,Scholling,Female,49,,,,,,,2019.34,1,,2014/11/18
176,8,37,Rockie,Charman,Male,32,,,,,Yata,Executive Secretary,4104.72,,,2019/07/13
177,4,2,Andromache,Vittet,Female,78,Mazda6,Mazda,2017,,Yodoo,VP Quality Control,4065.23,,,2014/12/31
178,6,2,Desmund,Swede,Male,32,,,,,Thoughtbridge,Executive Secretary,5280.62,1,,2019/10/30
179,8,13,Enrique,Regardsoe,Male,74,Prizm,Chevrolet,2002,,Linktype,Health Coach I,5644.26,,,2013/08/20
180,5,33,Harwell,Bene,Male,52,Rabbit,Volkswagen,2020,,Meezzy,Occupational Therapist,,,,2013/03/14
181,5,31,Jobie,Spick,Female,70,Miata MX-5,Mazda,2017,,Tagchat,Registered Nurse,6229.26,,,2016/12/24
182,14,25,Karlis,Hunte,Male,71,Golf III,Volkswagen,2000,,Babbleopia,VP Product Management,,,,2001/06/10
183,14,4,Berton,Meekings,Male,57,,,,,Myworks,Senior Developer,5298.43,,,2006/10/21
184,2,4,Taite,Sebright,Male,59,Sebring,Chrysler,1998,,Thoughtstorm,Compensation Analyst,5675.71,1,,2008/12/16
185,4,13,Yurik,Cullerne,Male,74,,,,,,,6260.49,,,2000/10/16
186,6,35,Jayme,Keyzman,Male,25,,,,,Katz,Database Administrator II,6928.85,,,2007/05/11
187,10,22,Devinne,Kunze,Female,39,Focus,Ford,2003,,Brainverse,Human Resources Assistant I,3155.47,1,,2008/08/01
188,3,25,Marthena,Ricket,Female,58,,,,,Mynte,Paralegal,4757.75,,,2014/09/27
189,2,31,Lynnet,Simonnot,Female,32,207,Peugeot,2020,,Mudo,Paralegal,3431.93,,,2001/09/25
190,13,14,Elfie,Ovitz,Female,40,Corvette,Chevrolet,2008,,Skimia,Senior Quality Engineer,5882.36,,,2008/11/15
191,16,17,Alic,Tyce,Male,71,SC,Lexus,2006,,Livetube,Research Nurse,5220.41,,,2005/09/30
192,8,37,Auberon,Studdert,Male,40,i-Series,Isuzu,2005,,Fiveclub,Geologist III,3737.07,,,2007/10/26
193,12,14,Ashbey,Glading,Male,31,Sierra 1500,GMC,2015,,Jazzy,Accountant II,,,,2019/06/02
194,5,34,Avictor,Mc Queen,Male,33,,,,,Fanoodle,Office Assistant II,4824.36,2,,2001/07/22
195,11,19,Odelle,Mulcock,Female,50,Viper,Dodge,2011,,Bubblemix,Assistant Media Planner,5219.66,,,2001/01/10
196,5,20,Boigie,Kybird,Male,29,,,,,Leexo,VP Product Management,6102.74,,,2015/03/27
197,2,6,Pamela,Thackston,Female,44,Chariot,Mitsubishi,2006,,Wikizz,Occupational Therapist,,,,2002/12/26
198,7,20,Aron,Cancelier,Male,60,MDX,Acura,2005,,Browsebug,Assistant Professor,2615.8,,,2016/09/17
199,13,3,Ignacio,Beldom,Male,80,,,,Cachorro,Fliptune,Legal Assistant,4201.19,,1,2019/02/03
200,4,5,Kameko,Caulket,Female,77,DB9 Volante,Aston Martin,2018,,Realfire,Senior Developer,,,,2018/11/17
201,4,33,Myrlene,Cloney,Female,51,,,,,Browsecat,Account Executive,,,,2012/05/16
202,15,37,Worth,Deetlefs,Male,57,,,,,Twimbo,Nurse Practicioner,6649.14,,,2018/12/23
203,3,3,Paton,Tsarovic,Male,72,Avenger,Dodge,2009,,Eare,Paralegal,,2,,2016/07/13
204,12,15,Kylila,Cronshaw,Female,79,,,,,Zoonder,Internal Auditor,3947.89,,,2005/03/15
205,3,9,Dalis,Decreuze,Male,67,Tundra,Toyota,2010,,Youbridge,Electrical Engineer,5265.19,,,2019/11/22
206,5,37,Bruis,Braime,Male,57,Bonneville,Pontiac,1998,,Lazz,Senior Financial Analyst,4055.14,,,2018/11/28
207,5,9,Raphaela,Derill,Female,25,Voyager,Plymouth,1999,,Jaloo,Web Developer II,3437.07,,,2020/05/04
208,17,36,Jessie,MacMeekan,Female,31,,,,,Digitube,Account Representative II,6115.69,,,2013/03/04
209,11,30,Kyrstin,Clineck,Female,52,,,,,Jabbertype,Tax Accountant,,,,2004/12/23
210,8,28,Vinni,Bouda,Female,27,,,,,Roomm,Payment Adjustment Coordinator,7578.8,2,,2013/09/15
211,15,30,Wilmer,Stiven,Male,65,,,,,Skyvu,Media Manager IV,5670.22,,,2015/01/11
212,17,7,Allx,Manass,Female,45,Riviera,Buick,2002,,Vinder,Marketing Manager,3720.2,,,2007/10/01
213,11,3,Marissa,Acres,Female,57,MKX,Lincoln,2009,,Feedfish,Analyst Programmer,6326.63,,,2011/04/03
214,13,29,Artie,Boulder,Male,25,,,,,Dabtype,Paralegal,3258.46,,,2017/07/13
215,8,28,Laetitia,Otley,Female,33,,,,Cachorro,JumpXS,Senior Developer,5050.71,,1,2007/06/08
216,3,10,Chrissy,Sarl,Male,32,Firebird,Pontiac,2001,Passaro,Jaxbean,General Manager,,2,1,2005/01/31
217,15,8,Marlowe,Heiden,Male,58,Discovery Series II,Land Rover,2001,,Janyx,Biostatistician II,5908.26,,,2001/05/23
218,12,4,Carlin,Varty,Male,62,,,,,Vinte,Associate Professor,,,,2010/01/29
219,15,32,Audrey,Leall,Female,32,CR-V,Honda,1999,,Jabberbean,Chief Design Engineer,,,,2008/10/23
220,7,14,Benton,Greenalf,Male,58,Commander,Jeep,2001,,Cogibox,Staff Scientist,,2,,2010/12/16
221,2,38,Roderigo,Blunn,Male,78,,,,,Tanoodle,Software Engineer III,6388.7,,,2002/10/14
222,3,4,Lexis,Shetliff,Female,31,,,,,Babblestorm,Human Resources Assistant II,,,,2013/07/04
223,15,22,Chelsea,MacIver,Female,57,,,,,Katz,Systems Administrator III,3606.85,1,,2016/12/30
224,4,28,Juline,Reihill,Female,39,Swift,Suzuki,2013,,BlogXS,Nurse Practicioner,7372.54,,,2004/02/14
225,8,30,Raviv,Schlagman,Male,69,S10 Blazer,Chevrolet,2020,,Einti,Geological Engineer,,,,2017/05/07
226,7,4,Pincas,Muncaster,Male,33,,,,,Shufflebeat,VP Quality Control,2237.15,,,2005/03/11
227,4,12,Welby,Berrisford,Male,80,,,,,Shuffledrive,Librarian,3548.57,,,2007/12/23
228,5,28,Carlene,Bugler,Female,31,Sable,Mercury,2009,,Wikizz,Civil Engineer,5584.6,,,2009/12/24
229,3,33,Rodrigo,Gauson,Male,38,,,,,Riffwire,Account Representative I,2727.68,,,2009/01/24
230,14,33,Jamesy,Snowding,Male,29,RX,Lexus,2019,,Avavee,Food Chemist,7791.2,,,2009/07/23
231,14,2,Hewet,Lillow,Male,68,,,,,Oodoo,Help Desk Operator,4954.28,,,2015/10/31
232,10,37,Rosetta,McClifferty,Female,28,RX-7,Mazda,1999,,Meevee,Executive Secretary,5788.68,,,2007/01/14
233,4,5,Tasia,Noweak,Female,43,,,,,Teklist,Technical Writer,4656.98,1,,2010/08/17
234,8,16,Tomasine,Cadamy,Female,57,Range Rover Sport,Land Rover,2020,,Jaxnation,Quality Engineer,6695.19,,,2012/07/30
235,9,24,Pansy,Trippett,Female,65,RX,Lexus,2007,,Gevee,Nuclear Power Engineer,5697.85,,,2002/05/08
236,2,34,Salomo,Redwing,Male,55,Z3,BMW,2006,,Meedoo,Media Manager III,5570.93,,,2019/03/17
237,10,25,Mora,Cantle,Female,71,Cooper Countryman,MINI,2014,,Bluezoom,Registered Nurse,,1,,2014/02/14
238,10,5,Hillyer,Shercliff,Male,56,,,,Outros,Tekfly,Research Assistant IV,7242.43,,1,2016/05/18
239,13,23,Tana,Persicke,Female,35,,,,,Riffpath,Programmer II,,,,2012/04/04
240,4,15,Lorenzo,Gilbey,Male,43,Silverado 3500,Chevrolet,2001,,Plajo,Sales Representative,2962.77,,,2007/07/04
241,12,16,Layla,Tramel,Female,70,Contour,Ford,2015,,Dablist,General Manager,2401.03,1,,2010/12/17
242,15,22,Genovera,Hiscoke,Female,69,,,,,Livetube,Software Engineer III,4575.09,1,,2007/09/19
243,10,12,Korie,Towse,Female,56,Impreza,Subaru,2000,,Skajo,Project Manager,5115.72,,,2010/01/12
244,17,9,Wald,Figurski,Male,41,,,,,,,4690.57,2,,2019/08/05
245,11,37,Mateo,Lowes,Male,40,,,,,Shuffletag,Help Desk Technician,,,,2003/04/15
246,10,32,Guy,Flippelli,Male,61,,,,,Camimbo,Clinical Specialist,2097.53,,,2017/02/08
247,1,13,Deerdre,Redshaw,Female,75,,,,,Skilith,Recruiter,2523.52,,,2002/03/05
248,7,5,Margy,D'Angeli,Female,55,,,,,Avamba,Senior Editor,6384.2,,,2010/02/03
249,13,31,Puff,Ossipenko,Male,28,,,,Passaro,Browsebug,Food Chemist,2426.8,,1,2011/07/06
250,11,8,Levey,Hookes,Male,80,5 Series,BMW,2002,,Dynabox,Database Administrator II,,,,2004/05/18
251,8,18,Philippe,Washbrook,Female,26,,,,,Edgeblab,Financial Advisor,,,,2018/07/11
252,6,4,Lovell,Anster,Male,25,,,,,Pixoboo,Cost Accountant,,,,2005/07/20
253,5,31,Kipp,Foresight,Male,42,Wrangler,Jeep,2014,,Dablist,Compensation Analyst,4610.8,,,2012/05/28
254,8,3,Maurita,Collihole,Female,68,A8,Audi,2005,,Vinder,Internal Auditor,3708.75,,,2013/08/01
255,7,21,Sonya,Islip,Female,66,,,,,Aimbo,Help Desk Technician,6820.56,,,2010/09/10
256,11,37,Bearnard,Barratt,Male,32,,,,,Mybuzz,Librarian,3462.51,,,2000/09/12
257,12,34,Tiffie,Djurisic,Female,33,Z4,BMW,1998,,Skyba,Dental Hygienist,3501.45,,,2003/03/22
258,1,10,Art,Aggus,Male,72,Type 2,Volkswagen,2006,,Skinte,Chemical Engineer,3747.69,,,2005/10/01
259,9,22,Jory,Kyrkeman,Male,45,,,,,Skiba,Associate Professor,5172.36,1,,2008/12/03
260,9,29,Maurine,Linton,Female,39,,,,,Bluezoom,Tax Accountant,2739.51,,,2000/12/04
261,7,17,Mamie,Tremblot,Female,51,Azure,Bentley,2007,Passaro,Edgewire,Analog Circuit Design manager,4879.58,,1,2013/03/17
262,13,14,Link,Casari,Male,41,Fleetwood,Cadillac,2016,,Yakijo,Senior Sales Associate,5897.43,2,,2016/09/25
263,1,4,Gregor,Lippard,Male,39,Firebird,Pontiac,2012,Outros,,,4793.36,2,1,2005/12/11
264,12,34,Sheena,Asch,Female,80,SJ,Suzuki,2007,,Edgepulse,Staff Accountant II,4544.5,,,2004/12/12
265,9,7,Baron,Liptrod,Male,42,Millenia,Mazda,2019,,Fivespan,Cost Accountant,,,,2001/01/20
266,9,37,Birch,Pickton,Male,63,,,,,Gabvine,Clinical Specialist,2213.86,2,,2020/03/16
267,1,32,Zora,Linny,Female,49,,,,Outros,,,2076.94,2,1,2003/08/12
268,2,33,Ted,Pearcy,Male,61,Freelander,Land Rover,2015,,Fanoodle,Social Worker,,2,,2014/02/04
269,4,11,Morton,Berthot,Male,79,,,,,Leenti,Human Resources Assistant I,6734.95,2,,2011/10/04
270,4,34,Alphonso,Folbig,Male,40,FJ Cruiser,Toyota,2006,Rato,Teklist,Environmental Tech,7393.66,,1,2008/02/22
271,1,13,Raymond,Durkin,Male,65,FCX Clarity,Honda,2020,,Meetz,VP Sales,5812.97,,,2008/03/23
272,3,19,Jelene,Spaldin,Female,32,Stratus,Dodge,1998,,Teklist,Pharmacist,4817.43,,,2014/02/04
273,15,10,Roshelle,Weight,Female,80,Camaro,Chevrolet,2015,,Babblestorm,VP Product Management,2981.44,,,2006/07/23
274,14,18,Theresina,Keel,Female,30,3500,GMC,1999,Cachorro,Myworks,Community Outreach Specialist,5682.35,1,1,2004/02/16
275,4,26,Gratia,Fishleigh,Female,39,Mazdaspeed 3,Mazda,2008,,Skyba,Executive Secretary,,2,,2015/09/20
276,9,15,Anderson,Barnewelle,Male,77,G3,Pontiac,2005,,Feedfire,Cost Accountant,7112.2,,,2016/01/09
277,6,2,Ado,Pygott,Male,61,Explorer,Ford,2015,,Meeveo,Research Nurse,7932.27,1,,2017/05/12
278,7,30,Franklin,Russen,Male,31,Land Cruiser,Toyota,2012,Passaro,Trudeo,Safety Technician III,4405.61,,1,2018/04/28
279,2,3,Jojo,Thompsett,Female,42,,,,,Meedoo,Associate Professor,5800.97,,,2007/06/23
280,11,5,Binnie,Ormrod,Female,28,,,,,Skinder,Director of Sales,5003.56,2,,2013/06/21
281,1,19,Buddie,Esler,Male,52,,,,,Blogtags,Nurse,2517.92,,,2004/04/08
282,15,36,Faythe,Vonderdell,Female,75,ZX2,Ford,2019,,Dynabox,Dental Hygienist,4614.73,,,2002/05/18
283,16,33,Melisse,Trusty,Female,69,RL,Acura,2001,,Devpulse,Graphic Designer,6133.96,,,2004/02/24
284,2,17,Ximenes,Dewbury,Male,29,Gemini,Pontiac,2011,Passaro,InnoZ,Human Resources Assistant III,,,1,2010/06/07
285,8,13,Arel,Bastin,Male,77,88,Oldsmobile,2001,Outros,Jaxworks,Environmental Specialist,4520.12,,1,2018/10/23
286,17,16,Alisha,Eveling,Female,56,Sentra,Nissan,2017,,Avaveo,Financial Advisor,6494.08,,,2011/12/13
287,1,18,Rand,Bullan,Male,29,Laser,Ford,2019,,Kaymbo,Human Resources Assistant III,4356.18,,,2000/11/23
288,8,22,Mary,Sutherden,Female,44,,,,Cachorro,Ailane,Clinical Specialist,4810.41,,1,2019/10/13
289,11,21,Kettie,Ecob,Female,57,,,,,Tavu,Accountant III,7131.52,,,2001/12/22
290,15,20,Cinnamon,Skillman,Female,46,Baja,Subaru,2004,,Dablist,Tax Accountant,3237.68,,,2011/11/16
291,8,11,Hagan,Gainsbury,Male,38,,,,,Tagtune,Social Worker,,,,2001/06/01
292,7,38,Benjie,Raffeorty,Male,57,riolet,Volkswagen,2007,,Trunyx,Environmental Tech,3729.4,,,2002/06/17
293,14,26,Pooh,Langeren,Female,78,RX Hybrid,Lexus,2011,,Divavu,Analog Circuit Design manager,4618.95,,,2016/04/10
294,6,35,Sherrie,Ost,Female,59,,,,,Fatz,Software Engineer III,4858.35,,,2001/05/01
295,16,16,Lesly,Carlett,Female,63,,,,Cachorro,Shufflebeat,Biostatistician IV,6958.05,,1,2010/07/14
296,4,19,Jacquetta,Passion,Female,57,Caravan,Dodge,2009,,Dabshots,Engineer III,7932.43,2,,2015/10/19
297,13,22,Curran,Twydell,Male,61,Sierra,GMC,2010,,Flipstorm,Mechanical Systems Engineer,2894.67,1,,2005/03/11
298,1,36,Joete,Mileham,Female,46,Boxster,Porsche,2008,Gato,Cogibox,Marketing Assistant,7603.03,,1,2015/06/24
299,3,2,Lainey,Witham,Female,46,,,,,Thoughtsphere,Quality Engineer,4557.16,,,2015/01/07
300,17,7,Riordan,Gethen,Male,26,,,,,Feedspan,Librarian,,,,2013/04/24
301,15,7,Bab,Gamlyn,Female,69,Golf III,Volkswagen,2010,,Flipopia,Sales Representative,,,,2003/04/13
302,8,24,Beverley,Gulleford,Female,38,,,,Outros,Meetz,Junior Executive,,,1,2018/08/03
303,9,20,Iago,Spacy,Male,70,,,,,Meejo,Registered Nurse,,,,2008/08/18
304,15,38,Xever,Perelli,Male,63,,,,,Skynoodle,Analyst Programmer,5823.77,1,,2011/09/15
305,10,36,Joby,Nayshe,Female,60,RX Hybrid,Lexus,2003,,Plajo,Software Consultant,4463.59,,,2006/10/29
306,16,8,Arda,Tallow,Female,64,Continental,Lincoln,2006,,Zoombeat,Geologist III,,,,2014/05/10
307,12,17,Inglebert,De Laspee,Male,77,C-Class,Mercedes-Benz,2013,,Topiczoom,Financial Analyst,4301.56,,,2020/01/02
308,6,12,Allister,Glendining,Male,27,Thunderbird,Ford,2003,,Flashdog,Tax Accountant,3070.38,1,,2016/07/27
309,11,3,Lonna,Hazle,Female,70,Sedona,Kia,2012,,Zoombeat,Internal Auditor,2679.69,,,2000/12/13
310,17,27,Maxine,Girt,Female,70,,,,,Topiczoom,Food Chemist,,,,2010/04/22
311,10,37,Romeo,Foux,Male,42,S2000,Honda,2004,,Eayo,Help Desk Technician,,,,2002/07/20
312,17,2,Randi,Pulfer,Female,58,98,Oldsmobile,2007,,Cogidoo,Automation Specialist I,,,,2004/01/04
313,8,5,Alf,Hevner,Male,58,,,,,Edgewire,Director of Sales,4357.7,,,2018/10/30
314,8,4,Aubine,Labba,Female,66,Celica,Toyota,2017,,Quire,Product Engineer,4001.69,,,2015/06/29
315,16,14,Julianna,Kelf,Female,38,,,,,Zoozzy,Structural Engineer,7648.24,,,2014/05/19
316,15,38,Elwira,Gotecliffe,Female,77,Cressida,Toyota,2001,,Brightbean,Safety Technician I,6186.93,,,2020/02/01
317,9,23,Alexina,Growden,Female,47,Camry,Toyota,2015,,Jaloo,Analyst Programmer,2820.89,,,2008/12/02
318,1,36,Stevy,Astman,Male,28,Fiero,Pontiac,1999,,Oodoo,Structural Analysis Engineer,3263.86,1,,2016/06/30
319,7,7,Alexander,Cutten,Male,71,Swift,Suzuki,1999,,Fivebridge,Occupational Therapist,5148.7,,,2005/05/07
320,6,28,Deedee,Jansson,Female,75,,,,,Buzzdog,Systems Administrator IV,6164.29,,,2005/03/03
321,13,34,Andonis,Lamprey,Male,61,,,,,Snaptags,Account Executive,,,,2004/07/09
322,11,8,Roda,Manterfield,Female,58,,,,,Linkbuzz,Geologist I,5342.07,,,2019/01/26
323,11,8,Torry,Isgate,Male,80,Elantra,Hyundai,1999,,Edgepulse,Engineer II,2798.51,,,2007/03/13
324,1,34,Carmita,Rangle,Female,44,Frontier,Nissan,2008,,Avamba,Recruiting Manager,,,,2003/02/18
325,11,35,Brandyn,Wiltshire,Male,73,GTO,Mitsubishi,2013,Passaro,Twinte,Recruiter,7521.95,1,1,2001/04/10
326,2,5,Ferdie,Brimelow,Male,76,Range Rover,Land Rover,2001,,Brainlounge,Software Engineer IV,5893.38,,,2018/03/10
327,16,36,Gabriele,Bartholomieu,Male,43,Land Cruiser,Toyota,2008,,Snaptags,Social Worker,2334.31,,,2018/01/13
328,12,23,Sadye,Amthor,Female,71,LeSabre,Buick,2020,,Brainlounge,Assistant Manager,5788.94,2,,2005/11/02
329,3,21,Trey,Gartside,Male,66,Accent,Hyundai,1999,,Nlounge,Senior Quality Engineer,3334.71,,,2002/07/24
330,12,33,Valeria,Fogel,Female,39,,,,,Trilia,Geological Engineer,5765.2,,,2006/02/07
331,1,34,Onofredo,Brugden,Male,72,Escalade,Cadillac,2001,,Gabcube,Occupational Therapist,2674.97,,,2011/10/20
332,7,11,Budd,Glasgow,Male,38,,,,,Flashdog,Mechanical Systems Engineer,7321.14,,,2009/04/22
333,5,16,Aubert,Eake,Male,60,Bravada,Oldsmobile,2017,Outros,Rhyzio,Account Coordinator,,,1,2001/11/16
334,14,26,Trefor,Chilvers,Male,72,CL,Acura,1999,,,,2560.94,2,,2014/01/05
335,10,14,Ramon,Puckring,Male,72,,,,,,,5729.17,,,2004/11/05
336,4,7,Grissel,Denge,Female,74,Maxima,Nissan,2015,Rato,Dynabox,Design Engineer,3954.73,,1,2008/06/04
337,2,24,Rube,Pashan,Male,71,G,Infiniti,2008,,Tazzy,Marketing Manager,5336.39,,,2000/09/19
338,15,6,Jo,Emig,Female,76,,,,,Oozz,Biostatistician I,,,,2012/07/26
339,17,32,Holly,Minghetti,Female,38,,,,,Oyoba,Programmer IV,2456.85,,,2001/11/05
340,1,21,Clarice,Birdis,Female,56,,,,,Eimbee,Data Coordiator,3365.94,,,2011/04/11
341,9,22,Barn,Rue,Male,27,,,,,Fiveclub,Business Systems Development Analyst,3343.45,,,2017/07/15
342,7,33,Iona,Robbey,Female,61,Ram 3500 Club,Dodge,2008,,Realbuzz,Senior Quality Engineer,4365.95,,,2013/04/14
343,14,31,Nora,Tassell,Female,61,,,,,Fivechat,Analyst Programmer,,2,,2010/07/21
344,17,14,Koren,Bracknell,Female,59,,,,,Flashpoint,Professor,6323.61,,,2014/10/13
345,8,15,Ely,Dilley,Male,45,,,,,Jetwire,Registered Nurse,2283.12,,,2004/05/25
346,1,1,Birgitta,Nulty,Female,77,,,,,Trudeo,Sales Associate,2627.59,,,2012/11/20
347,10,29,Julienne,Marcu,Female,41,Charger,Dodge,2009,,Midel,Community Outreach Specialist,4372.1,,,2003/09/07
348,10,13,Stafani,Hydes,Female,54,Versa,Nissan,2019,,Fliptune,Assistant Manager,7459.33,,,2019/11/01
349,5,4,Katie,Seeborne,Female,76,,,,,Edgepulse,Chemical Engineer,4389.46,,,2005/09/10
350,1,38,Agna,Plessing,Female,64,,,,,Trunyx,Software Engineer III,6115.33,,,2014/08/03
351,11,11,Bebe,Graber,Female,28,,,,,Kazu,Actuary,,2,,2018/06/21
352,7,23,Luise,Salzberger,Female,71,Probe,Ford,1998,,Centizu,Automation Specialist III,,,,2006/02/21
353,4,6,Rollin,Livingstone,Male,52,,,,,Mita,Compensation Analyst,6458.72,,,2017/02/24
354,13,25,Chaddie,Cordier,Male,62,Century,Buick,2006,,Leexo,Director of Sales,3912.77,,,2011/03/09
355,3,20,Gabe,Pesticcio,Male,56,XK,Jaguar,1998,,Babbleopia,VP Sales,2523.43,,,2020/01/09
356,9,17,Tressa,Colley,Female,25,,,,,Topdrive,Biostatistician III,4275.13,,,2012/02/03
357,1,6,Cathrin,Dunsmuir,Female,55,,,,,Twitterworks,Financial Advisor,3615.87,,,2002/12/05
358,4,14,Ethelin,Creamer,Female,45,Grand Prix,Pontiac,2002,,Gabtype,Dental Hygienist,4896.77,,,2010/09/22
359,10,17,Grange,Sodor,Male,66,,,,,Yodel,Payment Adjustment Coordinator,7299.85,,,2004/10/29
360,8,36,Pollyanna,Marciskewski,Female,44,G-Series G10,Chevrolet,2008,,Lazz,Editor,,,,2001/01/24
361,9,33,Kelcy,Cescoti,Female,79,Familia,Mazda,2003,,Edgepulse,Payment Adjustment Coordinator,,,,2005/03/22
362,15,18,Anni,Rablin,Female,25,Escalade ESV,Cadillac,1999,,Yadel,Recruiting Manager,,,,2012/02/27
363,9,35,Kaspar,Venable,Male,57,Grand Am,Pontiac,1999,,Dabjam,Automation Specialist III,3877.19,,,2011/02/08
364,6,24,Grover,Kener,Male,31,Diablo,Lamborghini,2007,,Yamia,Administrative Officer,,2,,2009/09/02
365,6,22,Kerry,Dillinger,Female,31,F-Series,Ford,2002,,Topicware,Operator,4135.18,,,2004/06/22
366,12,7,Laurens,Itschakov,Male,37,Range Rover,Land Rover,2018,,Mydeo,Cost Accountant,,,,2010/02/12
367,5,23,Andonis,Josling,Male,66,Cooper,MINI,2019,,Jazzy,GIS Technical Architect,4477.92,,,2019/01/27
368,12,28,Grace,Burdge,Male,66,,,,Gato,Voolia,Account Executive,3012.54,,1,2017/03/20
369,5,7,Darnall,Polin,Male,38,GLI,Volkswagen,2017,,Skinte,Clinical Specialist,2959.0,,,2004/04/10
370,10,5,Edi,Adamthwaite,Female,54,,,,,Blogpad,Technical Writer,5887.55,,,2011/07/06
371,8,26,Marja,Cayette,Female,69,Xterra,Nissan,2018,,Skipstorm,Software Consultant,5309.6,,,2014/06/24
372,12,32,Halette,Housen,Female,52,GranTurismo,Maserati,2016,,Mybuzz,Financial Analyst,5961.05,,,2015/03/27
373,7,16,Wolf,Sigge,Male,45,,,,,Flipopia,Physical Therapy Assistant,5550.24,,,2009/12/19
374,6,14,Adair,Jovasevic,Male,67,Legend,Acura,2011,Cachorro,Meemm,Software Test Engineer III,5355.76,,1,2011/03/26
375,8,37,Pascal,Villaret,Male,26,Rio,Kia,2015,Rato,Thoughtblab,Safety Technician IV,3409.51,2,1,2014/09/06
376,4,6,Darby,De Carolis,Male,26,E250,Ford,2016,,Bluejam,Geologist III,,,,2011/04/07
377,9,19,Raye,ducarme,Female,33,Sidekick,Suzuki,2017,,Mita,Recruiting Manager,6201.71,,,2012/10/19
378,16,15,Mellisent,Chezelle,Female,65,,,,,Mudo,Programmer Analyst IV,2939.73,,,2018/10/13
379,14,5,Kristofor,Ysson,Male,48,Express,Chevrolet,2010,Outros,Bluejam,Payment Adjustment Coordinator,7578.82,,1,2008/08/01
380,3,33,Gael,Readshall,Male,33,,,,Gato,Fivechat,Database Administrator II,6894.98,,1,2008/01/11
381,15,11,Noam,Tertre,Male,57,Montero,Mitsubishi,2013,,Lazzy,Senior Quality Engineer,3300.99,,,2010/05/17
382,13,24,Koral,Cerro,Female,45,JX,Infiniti,2004,,Devpoint,Senior Developer,6057.81,,,2002/12/11
383,13,32,Carmelle,Govenlock,Female,40,SVX,Subaru,2007,,Dynava,Cost Accountant,5945.28,1,,2011/11/08
384,8,32,Otho,Hixley,Male,67,,,,Passaro,Zoombox,Software Test Engineer II,3737.83,,1,2003/09/04
385,13,15,Maurits,oldey,Male,70,,,,,Skivee,Web Developer II,5068.68,,,2001/10/14
386,13,19,Normie,Reddick,Male,62,Suburban 2500,Chevrolet,1999,,DabZ,Paralegal,3000.16,,,2018/12/11
387,5,27,Willie,Virgin,Female,30,,,,,Kaymbo,Librarian,7553.15,,,2016/10/25
388,11,35,Riley,Jedrych,Male,50,RAV4,Toyota,2011,,Mynte,Editor,5475.21,,,2013/05/31
389,10,1,Larine,Landrean,Female,76,Capri,Mercury,2015,,Zooxo,Biostatistician II,2156.05,1,,2013/05/11
390,12,6,Bertine,Girodier,Female,55,GX,Lexus,2014,,Jamia,Accountant I,,,,2000/08/29
391,10,6,Miguelita,Pauluzzi,Female,51,Z3,BMW,2008,,Kaymbo,Marketing Manager,2465.95,,,2013/03/21
392,16,32,Ivar,Pikett,Male,74,Sonata,Hyundai,2009,,Vipe,Senior Financial Analyst,2854.56,,,2015/02/02
393,9,33,Xylina,Caulfield,Female,62,,,,,Quimm,Software Engineer IV,3893.46,,,2011/05/05
394,17,16,Abeu,Turfin,Male,37,Pilot,Honda,2008,,Edgewire,Mechanical Systems Engineer,3067.09,,,2017/06/11
395,14,37,Arvin,Milsted,Male,68,Tundra,Mitsubishi,2001,,Quire,Editor,,,,2003/02/13
396,7,31,Ashlan,O'Ruane,Female,37,,,,Rato,Edgetag,Administrative Assistant III,5120.05,,1,2000/08/03
397,12,21,Vaughan,Gaddes,Male,38,,,,,Jetpulse,Payment Adjustment Coordinator,5176.66,,,2006/01/19
398,17,15,Gwenore,Cheney,Female,68,,,,,Izio,Senior Quality Engineer,,2,,2013/07/08
399,1,8,Sampson,Gager,Male,31,Aveo,Chevrolet,2003,,Tambee,Research Nurse,5677.64,,,2001/09/14
400,15,10,Mechelle,Kroll,Female,72,F150,Ford,2015,,Yabox,Dental Hygienist,6955.4,,,2010/11/05
401,9,22,Stirling,Frisel,Male,66,Electra,Buick,2007,Rato,Blognation,Health Coach II,4245.99,,1,2015/11/04
402,13,26,Tabor,Adiscot,Male,55,Golf III,Volkswagen,2007,Rato,Skipstorm,Financial Analyst,,2,1,2015/09/21
403,1,6,Buddy,Goodliffe,Male,55,MDX,Acura,2017,,Jabberstorm,Research Associate,3769.64,,,2015/02/06
404,9,7,Rania,Elsbury,Female,73,Charade,Daihatsu,2007,,Ozu,Legal Assistant,3013.96,,,2017/06/06
405,6,14,Gabriele,Rallin,Male,41,Camry,Toyota,1999,,Browsebug,Financial Advisor,,,,2009/07/05
406,1,3,Barry,Blewett,Female,75,,,,,Fliptune,Editor,,,,2014/06/14
407,16,15,Anatole,Singleton,Male,61,RX Hybrid,Lexus,2016,Passaro,Kaymbo,Physical Therapy Assistant,,,1,2011/06/17
408,13,22,Tuckie,Josuweit,Male,36,SJ,Suzuki,2017,,Browseblab,Project Manager,4935.15,,,2019/07/01
409,8,27,Joeann,Hursey,Female,61,,,,,Dynabox,Librarian,6408.29,,,2013/03/14
410,1,4,Kahaleel,Gumley,Male,69,Quest,Nissan,2010,,Browsedrive,Analyst Programmer,5919.18,,,2008/09/29
411,16,38,Fremont,Jostan,Male,76,Carrera GT,Porsche,2001,,Kazio,Quality Engineer,3892.57,2,,2009/01/17
412,11,10,Miller,Giffard,Male,60,CTS,Cadillac,2017,,Voomm,Accounting Assistant IV,6373.79,,,2013/02/03
413,8,38,Dillon,Probat,Male,40,,,,,Katz,Administrative Officer,4077.9,,,2007/11/08
414,4,36,Trumann,Leader,Male,59,Xterra,Nissan,2016,Rato,Edgeify,Chemical Engineer,5908.31,,1,2019/06/12
415,11,23,Borden,Sealove,Male,59,S80,Volvo,2003,,Bluezoom,Account Representative IV,3132.54,,,2007/01/08
416,1,9,Arvin,Skepper,Male,28,,,,,Oozz,VP Quality Control,2770.0,,,2001/05/11
417,14,7,Retha,Trail,Female,45,Forte,Kia,2013,,Voonder,Senior Quality Engineer,6592.77,1,,2010/08/07
418,14,3,Malynda,Rubke,Female,35,F150,Ford,1999,,Kwilith,Business Systems Development Analyst,2705.83,,,2004/03/29
419,10,17,Mikkel,Weitzel,Male,61,,,,,Yambee,Professor,7030.0,,,2007/12/27
420,15,8,Sheffield,Corde,Male,77,6000,Pontiac,2019,,Chatterpoint,GIS Technical Architect,3738.02,,,2020/05/15
421,9,29,Samantha,Dimitresco,Female,69,Blackwood,Lincoln,2017,,,,,,,2016/02/02
422,5,4,Budd,Standingford,Male,64,Eclipse,Mitsubishi,2016,,Meemm,Data Coordiator,5721.37,,,2012/09/17
423,8,18,Lazarus,McGawn,Male,71,,,,Cachorro,Wikibox,Environmental Tech,3122.11,,1,2010/08/21
424,11,21,Walker,Shearsby,Male,44,Park Avenue,Buick,2007,,Eare,Data Coordiator,7776.76,,,2019/02/22
425,16,23,Kipp,Bembridge,Male,25,Mustang,Ford,2010,,Yadel,Business Systems Development Analyst,2447.49,,,2009/07/24
426,14,38,Jock,Scoble,Male,44,Continental Mark VII,Lincoln,2020,,Teklist,Graphic Designer,3253.76,,,2020/01/14
427,6,34,Alaine,Vairow,Female,31,Navigator,Lincoln,2012,Cachorro,Blogtag,VP Product Management,,,1,2001/02/20
428,13,19,Burke,Paladini,Male,80,,,,,Yamia,Senior Developer,,,,2007/11/04
429,9,19,Ardyce,Antosch,Female,62,,,,,Vimbo,Occupational Therapist,7030.76,,,2019/08/28
430,1,36,Valencia,Lupton,Female,48,DeVille,Cadillac,2012,,Yodo,Safety Technician III,,1,,2001/04/04
431,16,27,Griffy,Borless,Male,77,Laser,Plymouth,2001,,Centimia,Electrical Engineer,6657.64,,,2013/12/19
432,15,9,Maddalena,Brindley,Female,74,Avalon,Toyota,2020,,Mynte,Geological Engineer,,,,2001/07/21
433,15,36,Max,Baistow,Male,25,Tacoma,Toyota,2016,,Realbridge,Marketing Assistant,3444.35,,,2016/02/27
434,13,7,Indira,Thurlborn,Female,51,9-2X,Saab,2005,,BlogXS,Assistant Media Planner,6454.94,,,2008/08/22
435,9,20,Shir,Renn,Female,35,PT Cruiser,Chrysler,2000,Outros,Eire,Senior Developer,,,1,2016/10/03
436,17,14,Dewain,Danihel,Male,51,,,,,Bluezoom,Clinical Specialist,2865.24,,,2010/11/08
437,2,5,Timothee,Hawe,Male,41,TT,Audi,2015,,,,,,,2020/02/06
438,3,30,Brady,Harrald,Male,62,Tracker,Chevrolet,2014,,Wikizz,Health Coach III,,,,2016/07/01
439,9,37,Ring,Cejka,Male,60,Yukon,GMC,2014,,Quimm,Accounting Assistant IV,2449.35,1,,2008/04/02
440,15,19,Lyle,Illsley,Male,48,Sonata,Hyundai,2013,,Edgetag,Systems Administrator III,4211.38,1,,2017/02/02
441,12,22,Chico,Beloe,Male,62,,,,,Avamba,Cost Accountant,2224.01,,,2011/05/31
442,10,24,Eilis,Dossettor,Female,61,,,,Passaro,Edgeify,Food Chemist,4487.7,,1,2017/03/07
443,12,30,Rudiger,Sanderson,Male,33,Cayman,Porsche,2008,,Brainverse,Professor,,,,2007/03/10
444,11,19,Gnni,Barbrick,Female,34,,,,,Eadel,Senior Editor,2595.01,,,2004/06/07
445,7,2,Lesya,Cettell,Female,65,S-Class,Mercedes-Benz,2017,,Kwinu,Developer IV,7500.42,2,,2004/04/29
446,17,11,Rana,MacAree,Female,39,,,,,Thoughtsphere,Web Developer III,,1,,2002/05/15
447,2,7,Henrik,Hannabuss,Male,28,Avalanche,Chevrolet,2019,,Oyoloo,Editor,2761.3,,,2019/05/30
448,15,32,Montgomery,Charlesworth,Male,43,911,Porsche,2020,,Shuffledrive,Human Resources Assistant II,,,,2008/07/19
449,14,32,Gail,Beirne,Male,27,Grand Prix,Pontiac,2014,,Realblab,Geologist IV,7827.29,,,2001/10/13
450,3,21,Nils,Ranken,Male,71,,,,,Gigaclub,Programmer Analyst IV,3514.3,,,2009/07/28
451,13,20,Yankee,Vasyanin,Male,70,,,,,Abatz,Associate Professor,2493.15,,,2015/01/15
452,5,36,Toby,Adriaens,Male,55,Miata MX-5,Mazda,2011,,Mita,Business Systems Development Analyst,3965.69,1,,2007/02/03
453,2,17,Micheal,Tinker,Male,43,F-Series Super Duty,Ford,2016,,,,5208.79,,,2005/06/02
454,1,13,Christine,Foxon,Female,49,R-Class,Mercedes-Benz,2003,,Browsezoom,Payment Adjustment Coordinator,2008.53,,,2020/05/21
455,1,35,Chance,Selley,Male,75,Aurora,Oldsmobile,2014,,Linktype,Human Resources Assistant IV,3037.99,,,2011/02/19
456,1,12,Marmaduke,Delhanty,Male,62,,,,,Edgetag,Compensation Analyst,5264.32,2,,2017/04/17
457,15,10,Freddie,Kenna,Male,69,,,,,Buzzbean,Design Engineer,4497.9,,,2006/10/23
458,6,38,Gertie,Ault,Female,40,,,,,Yambee,Media Manager IV,,2,,2018/03/13
459,10,7,Oran,Saxon,Male,40,,,,,Yotz,Help Desk Operator,6785.03,,,2004/10/12
460,11,23,Mayne,Oakwell,Male,50,,,,,Zoonder,Occupational Therapist,,,,2006/08/05
461,8,34,Fitz,Volk,Male,38,Legacy,Subaru,1999,Rato,Zoonoodle,Budget/Accounting Analyst II,3314.53,,1,2017/01/16
462,13,21,Tierney,MacArd,Female,62,,,,,Wikivu,Professor,,,,2008/11/18
463,2,21,Nickie,Howsego,Female,72,FJ Cruiser,Toyota,2002,,Topiczoom,Account Coordinator,6081.69,,,2016/03/31
464,15,19,Bili,Spadelli,Female,58,Sportage,Kia,1999,,Yotz,Registered Nurse,2688.74,,,2010/10/19
465,6,29,Estell,Pietersen,Female,76,Bravada,Oldsmobile,2002,,,,7947.27,2,,2020/05/04
466,14,9,Reid,Curner,Male,53,,,,,Shuffletag,Office Assistant II,2808.8,,,2020/01/03
467,7,17,Jacquelin,Sheriff,Female,39,F350,Ford,2016,,Realbridge,Dental Hygienist,4669.5,,,2016/11/17
468,15,17,Marcelline,Bottomore,Female,46,Fiesta,Ford,2009,,Skimia,Research Associate,2057.21,2,,2001/04/07
469,12,13,Amble,Martyntsev,Male,32,F430,Ferrari,2017,,Cogibox,Administrative Assistant I,2365.2,,,2010/12/09
470,11,10,Mollee,Le Batteur,Female,75,Sonata,Hyundai,2020,,,,,,,2018/08/22
471,7,20,Clementius,Murrish,Male,60,Elise,Lotus,2016,,Zoomdog,Professor,6754.86,,,2017/04/12
472,7,18,Kristan,Willers,Female,60,Enclave,Buick,2018,,Oodoo,Budget/Accounting Analyst IV,5655.77,,,2006/10/20
473,10,32,Thoma,Oels,Male,74,Sonata,Hyundai,2001,,Bubblemix,Paralegal,2600.36,,,2002/04/01
474,2,23,Felic,Radnage,Male,54,,,,,Bubblemix,Civil Engineer,5614.47,,,2001/02/14
475,2,10,Edythe,Brown,Female,74,,,,,Yodoo,Health Coach IV,6416.67,,,2006/11/17
476,4,2,Nelle,Erangey,Female,74,Spider,Alfa Romeo,2010,,Gabcube,Occupational Therapist,4488.19,,,2002/02/14
477,5,23,Rozella,Corhard,Female,57,,,,,Oyoyo,Analyst Programmer,5908.71,,,2001/07/06
478,9,13,Wynny,Sieve,Female,73,DeVille,Cadillac,2010,,Thoughtbridge,Actuary,3751.6,,,2001/07/13
479,4,26,Rahal,O'Hagerty,Female,53,FJ Cruiser,Toyota,2014,,Quatz,Desktop Support Technician,7239.85,,,2016/01/27
480,7,28,Herrick,Bette,Male,40,Catera,Cadillac,2015,,Tagtune,Senior Sales Associate,,,,2004/04/21
481,9,34,Zarah,Antonoyev,Female,71,LR2,Land Rover,2001,,Centimia,Chemical Engineer,3664.18,,,2018/10/15
482,9,9,Jasmine,Deakin,Female,30,,,,,Dabshots,Software Consultant,5792.36,,,2008/05/02
483,16,23,Ardisj,Beall,Female,26,,,,,,,3765.66,1,,2009/05/09
484,5,12,Modesta,Scrymgeour,Female,49,,,,,,,4310.49,,,2015/10/01
485,12,16,Tabbie,Stear,Female,33,Civic,Honda,2003,,Innotype,Human Resources Assistant II,4735.52,,,2001/10/15
486,10,25,Evin,Scutching,Male,52,,,,Passaro,,,7172.0,,1,2009/01/19
487,8,29,Cordy,Leitche,Female,68,M-Class,Mercedes-Benz,2008,,Flashdog,Assistant Manager,3304.74,,,2011/01/21
488,10,24,Connie,Glantz,Female,31,,,,Rato,Topicware,Administrative Assistant III,5433.96,,1,2004/04/08
489,10,10,Kermy,Malyan,Male,71,,,,,Zoonoodle,Web Developer III,3841.4,,,2006/07/09
490,11,3,Clerkclaude,Iacofo,Male,52,Pilot,Honda,2007,,Gabcube,Engineer I,7592.89,,,2009/01/27
491,1,34,John,Rewcastle,Male,74,Town & Country,Chrysler,2003,,Zoonder,Tax Accountant,4659.88,,,2003/11/21
492,6,36,Esdras,Kubacek,Male,29,Trans Sport,Pontiac,2012,,Fatz,Associate Professor,7529.9,,,2007/09/20
493,3,23,Sven,Butterly,Male,55,,,,,Kaymbo,Chemical Engineer,,,,2013/03/10
494,12,26,Christean,Craythorn,Female,62,,,,,Dabfeed,Accountant I,,,,2003/05/30
495,14,22,Clemmy,Oxenbury,Male,57,Monte Carlo,Chevrolet,2018,,Tavu,Staff Accountant III,2042.72,,,2008/09/17
496,3,2,Amalle,Filyushkin,Female,61,,,,,Lajo,Nurse Practicioner,2516.19,1,,2005/09/03
497,7,33,Merwyn,Salatino,Male,30,Tahoe,Chevrolet,2012,,Dynabox,Engineer I,,1,,2011/08/07
498,3,31,Evey,Yoskowitz,Female,28,Tucson,Hyundai,2011,,Bubblebox,VP Quality Control,,,,2004/01/23
499,6,24,Krysta,Dri,Female,29,Imperial,Chrysler,2005,,Rooxo,Administrative Assistant IV,,1,,2004/08/27
500,14,10,Kip,O'Teague,Male,79,Rodeo Sport,Isuzu,1999,,Oloo,Business Systems Development Analyst,5715.36,,,2007/09/07
501,6,27,Sullivan,Doumenc,Male,44,Town Car,Lincoln,2008,,Geba,Junior Executive,6932.5,,,2007/07/08
502,9,32,Shelby,Schankel,Male,69,SVX,Subaru,1998,,Avamba,Software Consultant,3511.51,,,2010/07/25
503,14,16,Kristoffer,Ingram,Male,26,Hearse,Buick,2008,Outros,Fanoodle,Junior Executive,,,1,2011/03/14
504,2,31,Klemens,Adger,Male,56,,,,,,,5228.38,,,2017/04/18
505,7,27,Cassandra,Stathers,Female,56,,,,,Innotype,Internal Auditor,3038.84,,,2009/06/07
506,2,27,Melita,Sawday,Female,39,Continental GT,Bentley,2009,,Wordify,Mechanical Systems Engineer,2910.94,,,2000/08/14
507,17,20,Leif,Stener,Male,73,Jimmy,GMC,2017,,Yakidoo,VP Accounting,3865.77,,,2008/08/10
508,11,3,Jameson,Giddings,Male,34,200SX,Nissan,2002,,Katz,Tax Accountant,,2,,2018/12/10
509,10,13,Maia,Waight,Female,57,Chariot,Mitsubishi,2017,,Innotype,Research Assistant IV,4730.21,,,2010/11/14
510,1,7,Robbi,Greenland,Female,72,Sienna,Toyota,2013,,Yambee,Design Engineer,7043.03,,,2013/02/14
511,17,12,Ailene,Spilling,Female,57,Neon,Plymouth,2013,,Oozz,Community Outreach Specialist,3505.64,,,2018/08/16
512,15,13,Giacinta,Dawbury,Female,30,Panamera,Porsche,2013,,Leenti,Help Desk Operator,5305.93,,,2017/10/17
513,7,37,Joycelin,Atton,Female,26,CTS-V,Cadillac,2020,,Abatz,Product Engineer,6493.95,1,,2003/03/08
514,2,4,Edie,Brea,Female,61,Sonoma,GMC,1998,,Wordify,Environmental Specialist,6870.87,,,2007/08/10
515,11,9,Kaylyn,Brozsset,Female,70,,,,,Roomm,Help Desk Operator,5917.0,2,,2011/12/26
516,13,26,Cassius,Hunsworth,Male,76,,,,,Skyba,Environmental Tech,6941.67,,,2012/11/30
517,10,25,Winifield,Tucknott,Male,39,,,,Outros,Miboo,Software Engineer II,3475.48,,1,2011/07/05
518,7,12,Rivi,Sawkin,Female,64,Diamante,Mitsubishi,2007,,Plajo,Professor,5234.94,1,,2007/03/31
519,16,21,Miran,Murrum,Female,58,Wrangler,Jeep,2010,,Mybuzz,Operator,,,,2010/12/27
520,13,15,Sula,Fulham,Female,41,Civic,Honda,2014,,Divape,Quality Engineer,2853.95,,,2006/09/18
521,3,1,Candie,Portugal,Female,35,,,,,Meembee,Editor,6944.0,,,2007/04/09
522,8,7,Bent,Michelin,Male,43,,,,,Youtags,Librarian,,,,2005/05/20
523,17,23,Drew,Pottery,Male,56,SC,Lexus,2001,,Wordpedia,Account Executive,3684.64,,,2019/05/23
524,10,12,Sukey,Brown,Female,63,,,,,Eabox,Financial Advisor,,,,2018/01/11
525,17,5,Dexter,Wyllcocks,Male,57,,,,,Topicblab,Help Desk Technician,3672.6,,,2016/04/10
526,1,31,Siward,Adacot,Male,70,,,,,Eabox,Help Desk Technician,4938.73,,,2015/10/05
527,10,31,Tiff,Novak,Female,45,S60,Volvo,2020,,Devpulse,Internal Auditor,3320.39,,,2018/08/28
528,8,5,Duffie,Alanbrooke,Male,44,,,,,Blogspan,Registered Nurse,2208.9,,,2007/11/17
529,17,20,Tod,Sonner,Male,73,,,,,BlogXS,Senior Quality Engineer,3808.12,,,2012/02/07
530,14,2,Gottfried,Rutland,Male,32,,,,,Leexo,Analyst Programmer,3484.44,,,2017/02/25
531,6,10,Dennis,Baskwell,Male,51,,,,,,,4249.67,,,2011/02/12
532,16,7,Benedick,Egalton,Male,48,,,,,Riffpedia,Executive Secretary,3806.38,,,2005/04/11
533,1,34,Hy,Haddow,Male,32,,,,,Kwimbee,Chemical Engineer,,,,2011/11/18
534,3,36,Georgina,Gledhill,Female,77,Sonoma Club Coupe,GMC,2003,,Kazu,Media Manager II,,,,2007/10/08
535,7,38,Cati,Mailey,Female,40,,,,,Wordtune,Technical Writer,3428.56,,,2014/04/14
536,6,2,Lexis,Maciejak,Female,65,MKS,Lincoln,2018,,Quinu,Biostatistician III,,2,,2016/05/01
537,6,18,Burk,Gilbank,Male,78,Legacy,Subaru,2017,,Cogibox,Nuclear Power Engineer,,,,2003/02/03
538,8,12,Lou,Ingilson,Female,45,Miata MX-5,Mazda,2004,,Yakitri,Administrative Officer,5251.84,,,2000/09/21
539,8,12,Hermina,Curds,Female,56,Ascender,Isuzu,2014,,Yambee,Internal Auditor,,,,2005/07/28
540,3,9,Terrence,Weldon,Male,36,3000GT,Mitsubishi,2007,Passaro,Mydeo,Help Desk Technician,7954.84,,1,2009/06/06
541,4,36,Dorelle,Birtles,Female,76,Fleetwood,Cadillac,1998,,Topiclounge,Clinical Specialist,3886.48,,,2016/04/19
542,1,34,Amby,Rany,Male,58,Explorer,Ford,2000,,Blogtags,Computer Systems Analyst II,7033.47,2,,2019/08/14
543,6,13,Evelin,Probets,Male,46,Vandura 1500,GMC,2015,,Shufflester,VP Accounting,2802.22,,,2020/01/21
544,14,33,Olympe,Rabb,Female,54,,,,,Skalith,Compensation Analyst,2520.22,2,,2016/11/03
545,4,2,Candis,Bartusek,Female,35,,,,,Jabberstorm,Administrative Assistant III,5713.78,,,2018/11/10
546,15,24,Whitney,Ringham,Male,33,,,,,Ooba,Senior Sales Associate,7500.52,,,2002/01/27
547,13,3,Meridel,Cranstoun,Female,49,XL-7,Suzuki,2005,,,,5123.53,2,,2011/09/20
548,12,12,Hyacinth,Dammarell,Female,47,Neon,Dodge,2007,,Babblestorm,Programmer Analyst IV,3025.88,,,2003/02/10
549,15,12,Khalil,Joseff,Male,75,Firefly,Pontiac,2011,,Zoomdog,Assistant Manager,5170.23,1,,2017/06/28
550,14,5,Roseanne,Chittey,Female,44,,,,,Youtags,Cost Accountant,4262.89,1,,2014/03/24
551,8,25,Rayna,Whymark,Female,61,,,,,Eabox,Dental Hygienist,3732.11,,,2004/08/07
552,7,19,Izaak,Calendar,Male,35,Econoline E150,Ford,2016,Rato,Meezzy,Electrical Engineer,4241.92,,1,2005/06/09
553,12,20,Damiano,Borres,Male,68,Yukon XL 1500,GMC,2002,Passaro,Skipstorm,Mechanical Systems Engineer,7712.58,,1,2016/10/24
554,15,23,Sheela,Commusso,Female,52,,,,,Meemm,GIS Technical Architect,,,,2001/01/11
555,2,18,Roman,Blethyn,Male,25,Montero Sport,Mitsubishi,2003,,Bubbletube,Financial Advisor,2598.46,2,,2002/10/10
556,12,4,Sherlock,Yemm,Male,43,Accord,Honda,2007,Passaro,Mynte,Budget/Accounting Analyst I,6898.79,,1,2010/12/20
557,1,24,Graeme,Moppett,Male,41,Ram 1500,Dodge,2013,,Riffpedia,Sales Associate,3165.56,,,2018/05/21
558,13,21,Belia,Deviney,Female,59,Intrepid,Dodge,2011,Rato,Quamba,Sales Representative,6720.7,1,1,2001/03/25
559,12,18,Cloris,Whanstall,Female,26,GT-R,Nissan,2007,Passaro,Podcat,Research Nurse,2041.57,,1,2001/06/14
560,6,25,Ric,Dymocke,Male,62,Canyon,GMC,2006,,Oyoloo,Recruiter,,,,2010/12/31
561,12,16,Thomasina,Ind,Female,39,,,,,Quamba,Assistant Media Planner,,,,2007/09/23
562,13,27,Giles,Colleymore,Male,59,,,,,Quatz,Structural Analysis Engineer,6763.51,,,2011/02/24
563,4,29,Alaric,Jakuszewski,Male,50,Park Avenue,Buick,2018,,Vipe,Junior Executive,6092.39,,,2014/12/17
564,15,31,Humfrey,Reggiani,Male,62,,,,,Fanoodle,Geologist I,6510.85,,,2005/03/31
565,2,2,Glenn,Curtoys,Female,28,,,,,Fatz,Project Manager,7678.08,,,2012/01/28
566,11,37,Rae,Varlow,Female,38,Sierra 3500,GMC,2020,,,,6821.84,,,2001/01/16
567,11,37,Irving,Thormann,Male,74,Vigor,Acura,2014,,Brainsphere,Speech Pathologist,7620.0,,,2003/09/14
568,12,7,Marlyn,Skrine,Female,43,Firefly,Pontiac,2017,,Miboo,Product Engineer,6793.71,2,,2016/06/23
569,3,26,Renee,Allott,Female,28,,,,,Jetwire,Human Resources Manager,2067.39,,,2014/06/14
570,11,10,Cosetta,Diddams,Female,66,,,,,Thoughtbeat,Marketing Assistant,3879.25,,,2015/06/22
571,2,8,Karlotta,Floyd,Female,55,,,,,Dabfeed,Help Desk Operator,,,,2009/01/21
572,8,12,Frasier,Lorraine,Male,71,Excursion,Ford,2005,,Skinder,Junior Executive,6024.03,,,2013/02/17
573,11,14,Nevin,Jelk,Male,42,Countryman,MINI,1998,,Edgetag,Occupational Therapist,6823.95,,,2008/07/20
574,15,16,Barnett,Caudwell,Male,35,Sonoma,GMC,2010,,Kwideo,Environmental Tech,7302.49,,,2016/05/14
575,10,8,Binni,Maggiori,Female,55,,,,Outros,Flashset,Budget/Accounting Analyst I,2586.64,2,1,2006/11/02
576,13,9,Valina,Burnard,Female,35,,,,,,,,,,2003/08/10
577,17,8,Nada,Lathbury,Female,25,,,,,Tagcat,Assistant Professor,7011.05,2,,2002/02/12
578,10,19,Chariot,Rich,Male,34,,,,,Youfeed,Geological Engineer,2992.02,2,,2015/09/21
579,6,34,Powell,Ainsby,Male,42,Corvette,Chevrolet,2009,,Linkbuzz,General Manager,,,,2016/03/11
580,16,13,Clara,Brissenden,Female,45,G-Series G30,Chevrolet,2002,,Skyvu,Food Chemist,,,,2009/10/25
581,5,26,Candace,Gristwood,Female,34,Tacoma,Toyota,2016,,Babblestorm,Marketing Assistant,2645.48,,,2003/07/06
582,1,28,Shellysheldon,Vallack,Male,53,Sierra Hybrid,GMC,2002,,Thoughtstorm,Sales Associate,2661.04,,,2009/03/26
583,10,28,Nannette,Petzold,Female,50,,,,,Wikizz,Nuclear Power Engineer,6142.97,,,2019/08/29
584,15,14,Lib,Skelington,Female,52,TT,Audi,2017,,Skiba,Senior Cost Accountant,,,,2006/04/03
585,7,14,Reynold,Dashkovich,Male,58,,,,,Rooxo,Statistician III,,,,2019/02/22
586,10,5,Cheslie,Tyght,Female,56,Savana 3500,GMC,2015,,Fivechat,Mechanical Systems Engineer,6191.14,,,2003/09/18
587,3,25,Abbie,Yitzovicz,Male,50,,,,Gato,,,7614.07,,1,2000/11/14
588,13,14,Winnah,Sepey,Female,53,Silverado 3500,Chevrolet,1999,,Realbridge,Associate Professor,7283.32,,,2008/01/15
589,3,24,Giraud,Parradye,Male,61,Pathfinder,Nissan,2015,,Devbug,Database Administrator I,4417.13,,,2002/05/02
590,4,3,Israel,Tanton,Male,28,Mark LT,Lincoln,2012,,Avamba,Payment Adjustment Coordinator,4947.46,,,2011/04/24
591,2,21,Samson,Mussett,Male,46,Astro,Chevrolet,2011,,Jaxspan,Librarian,2860.51,,,2008/05/13
592,9,16,Tyrus,Dinjes,Male,62,,,,,Voolith,Analyst Programmer,2939.58,,,2008/10/17
593,6,18,Julee,Bartlam,Female,60,RAV4,Toyota,2012,,,,3854.14,,,2010/11/14
594,17,27,Robinet,Woodthorpe,Male,70,,,,,Voomm,Senior Quality Engineer,3726.36,,,2006/04/08
595,2,1,Erwin,Farndale,Male,67,Protege,Mazda,2004,,Dabfeed,Pharmacist,4664.99,1,,2019/03/02
596,8,7,Paulita,Whates,Female,46,Civic Si,Honda,2003,,Quamba,Cost Accountant,2153.68,,,2004/10/02
597,10,29,Annabel,Reggiani,Female,47,,,,,Mynte,Engineer IV,2117.49,,,2020/05/11
598,2,1,Devondra,Yarnell,Female,75,Express 1500,Chevrolet,2012,,Ozu,Financial Analyst,4150.02,2,,2001/07/04
599,10,15,Marlowe,Lob,Male,74,Miata MX-5,Mazda,2002,,Yoveo,Data Coordiator,4180.46,2,,2008/03/10
600,14,29,Panchito,Skirlin,Male,68,,,,,Kwideo,Editor,4085.2,,,2018/07/04
601,9,32,Pierrette,Birkmyre,Female,63,Z4 M,BMW,2012,,Oyondu,Research Associate,7424.54,,,2013/12/12
602,14,34,Nani,Back,Female,60,,,,,Feednation,VP Quality Control,5338.42,,,2018/03/25
603,5,7,Peter,Rawle,Male,44,,,,,Tanoodle,Office Assistant I,6141.74,,,2010/12/01
604,5,28,Edy,Quixley,Female,70,E250,Ford,2004,,Kwimbee,Automation Specialist III,,,,2011/06/18
605,1,4,Connie,Gamlin,Female,69,,,,Rato,Photofeed,Payment Adjustment Coordinator,4849.48,,1,2002/05/15
606,7,33,Honoria,Stagge,Female,75,Maxima,Nissan,2010,,Twitterlist,Physical Therapy Assistant,7411.02,,,2005/08/21
607,14,34,Osgood,Matzen,Male,76,,,,,,,,,,2012/03/09
608,10,6,Dora,Heinsius,Female,54,,,,Gato,Lajo,Librarian,3081.33,,1,2018/01/26
609,4,34,Quintana,MacMickan,Female,25,PT Cruiser,Chrysler,2016,,Yakidoo,Office Assistant I,6296.64,,,2012/09/20
610,10,26,Miller,Dossit,Male,58,MX-5,Mazda,2005,,Zoonder,Accounting Assistant II,3802.78,2,,2019/12/24
611,3,30,Romeo,Jerdein,Male,64,,,,Gato,Twitternation,Computer Systems Analyst IV,6979.23,,1,2015/06/06
612,4,38,Gretna,Fitkin,Female,74,Familia,Mazda,2000,,Brainverse,Geological Engineer,7513.62,2,,2008/07/06
613,6,25,Meris,Cuerdall,Female,26,Grand Prix,Pontiac,2013,,Photobean,Marketing Assistant,5638.34,,,2013/06/01
614,7,2,Wyn,Ditchfield,Male,44,,,,Passaro,Innojam,Analyst Programmer,5955.38,,1,2005/07/10
615,1,18,Angelina,Ellum,Female,68,Escort,Ford,2009,,Meevee,Senior Developer,6407.53,,,2009/07/07
616,9,8,Barri,Tomenson,Male,41,,,,,Twitterlist,Legal Assistant,6347.13,1,,2013/09/15
617,6,12,Jasun,Kiebes,Male,69,Villager,Mercury,1998,,Edgeblab,Chief Design Engineer,4513.7,1,,2008/10/29
618,4,2,Haze,Ellingworth,Male,51,Eldorado,Cadillac,2016,,Blognation,Research Nurse,5774.3,,,2003/10/05
619,15,2,Hugh,Buncombe,Male,25,,,,,Jabberbean,Analyst Programmer,,,,2003/08/24
620,17,33,Rodi,Fellini,Female,43,,,,,,,3902.35,2,,2003/07/23
621,6,5,Shalna,Bedbury,Female,59,Vitara,Suzuki,2014,,Dabtype,Occupational Therapist,,,,2010/09/16
622,6,27,Malinda,Stockle,Female,62,Grand Prix,Pontiac,2019,,Blognation,Systems Administrator II,,,,2011/10/12
623,4,22,Geno,Gutch,Male,48,,,,,Photospace,Nurse,,,,2017/11/08
624,12,9,Ripley,Perroni,Male,56,Sierra,GMC,2008,Passaro,Skivee,Junior Executive,5637.94,,1,2009/12/22
625,14,26,Loella,Height,Female,29,,,,,Photobug,Sales Associate,7791.92,,,2000/08/14
626,6,13,Massimo,Record,Male,29,9000,Saab,2004,,Thoughtblab,Software Test Engineer II,4513.36,,,2006/06/23
627,10,27,Lucia,Murney,Female,39,Camry Solara,Toyota,2005,,Feedfire,Chemical Engineer,2513.14,,,2008/02/10
628,11,24,Constantine,Tysack,Male,43,PT Cruiser,Chrysler,1998,,Quatz,Developer IV,3648.46,,,2011/11/26
629,4,6,Corey,Caveney,Female,40,,,,,Skyble,Recruiter,,,,2009/07/29
630,2,12,Gratia,Duddy,Female,41,Baja,Subaru,2010,,Realfire,Recruiter,,2,,2017/08/05
631,8,32,Joete,Joanaud,Female,75,F150,Ford,2003,,Avavee,Financial Analyst,4419.59,,,2016/05/27
632,2,34,Maryanne,Danilovic,Female,51,,,,,Zooxo,Staff Accountant I,7989.79,,,2002/01/07
633,7,29,Alister,Yewdale,Male,67,900,Saab,2009,,Vinte,Developer II,3586.83,,,2000/12/09
634,8,9,Ario,Rumin,Male,44,LS,Lexus,2005,Gato,Dabtype,VP Quality Control,4453.81,2,1,2005/04/06
635,7,14,Jenda,Blonfield,Female,70,,,,,Camimbo,Structural Engineer,6251.34,,,2008/04/18
636,10,11,Leonora,Darley,Female,31,Daytona,Dodge,2011,Passaro,Thoughtstorm,Director of Sales,2850.12,,1,2003/11/01
637,8,9,Denys,Ethelstone,Male,29,Sprinter 3500,Mercedes-Benz,2013,Gato,Skyvu,Health Coach IV,4794.97,,1,2019/03/15
638,16,36,Edgar,Krolik,Male,53,Montana SV6,Pontiac,2014,,Fiveclub,Geological Engineer,6327.23,,,2014/01/07
639,13,13,Logan,Ridgedell,Male,59,,,,,Einti,Database Administrator IV,,,,2019/12/10
640,10,2,Amie,Lincoln,Female,62,Focus,Ford,2006,,Rhynoodle,Account Representative III,,,,2008/02/22
641,8,7,Byrle,Grundey,Male,64,,,,,Kazu,Engineer II,6093.46,,,2002/12/30
642,8,1,Cara,Van den Hof,Female,43,,,,,Blogtag,Human Resources Manager,7325.39,,,2006/11/29
643,17,1,Carroll,Heeron,Male,29,Nuova 500,Fiat,2017,,Zava,Director of Sales,3120.13,,,2011/02/13
644,2,23,Raychel,Foad,Female,69,,,,,Blogpad,Research Nurse,6163.53,,,2019/06/06
645,13,31,Fidel,Tidswell,Male,40,,,,,Fatz,Electrical Engineer,2407.98,,,2005/04/30
646,16,2,Tris,Huffey,Male,43,Lumina,Chevrolet,2018,,Rhyloo,Analyst Programmer,5319.0,,,2007/02/23
647,15,36,Reyna,Creed,Female,75,,,,,Skajo,Payment Adjustment Coordinator,2413.92,,,2020/02/17
648,4,10,Kakalina,Martyntsev,Female,76,,,,Cachorro,Pixoboo,Social Worker,4149.14,,1,2016/10/19
649,6,14,Maurene,Dignall,Female,44,,,,,Skippad,Community Outreach Specialist,,,,2009/12/20
650,4,5,Gelya,Charters,Female,79,,,,,Fivespan,Safety Technician IV,,2,,2010/04/13
651,4,5,Wilt,Quantrell,Male,34,,,,,Meembee,Cost Accountant,,,,2008/02/17
652,7,38,Mair,Simo,Female,80,M-Class,Mercedes-Benz,2000,,Livefish,Legal Assistant,5655.24,,,2018/12/07
653,12,16,Marlowe,Kovelmann,Male,54,Sable,Mercury,2011,,Aimbu,Account Coordinator,5551.36,,,2008/06/12
654,16,31,Briggs,Huison,Male,75,,,,,Meemm,Structural Analysis Engineer,5092.53,,,2007/12/14
655,1,23,Katerina,Ernke,Female,79,Escort,Ford,2012,,Twitternation,Research Associate,3589.87,,,2017/07/18
656,1,10,Abbot,Drohane,Male,41,,,,,Wordtune,Biostatistician I,,2,,2003/03/04
657,3,4,Delinda,Bennedick,Female,51,Blazer,Chevrolet,2002,,,,4286.7,1,,2018/11/21
658,8,9,Luz,Vasilov,Female,43,Crown Victoria,Ford,2020,,Abatz,Help Desk Technician,4261.9,,,2004/09/25
659,3,12,Shandee,Gretton,Female,49,E-Class,Mercedes-Benz,2010,,Twitterworks,Nurse Practicioner,2094.8,1,,2008/07/13
660,12,36,Anatole,Carlone,Male,55,Edge,Ford,2015,,Cogibox,Senior Cost Accountant,2387.21,,,2017/11/14
661,14,20,Bo,Osgarby,Male,48,FX,Infiniti,2004,,Blognation,Senior Quality Engineer,2810.03,,,2011/01/27
662,2,18,Bernardina,Mearns,Female,67,F-Series,Ford,2000,,Topiclounge,Senior Sales Associate,6640.38,,,2009/07/29
663,16,2,Zackariah,Rizzolo,Male,56,,,,,Yabox,Help Desk Operator,6898.55,,,2007/12/20
664,16,36,Shela,Robertazzi,Female,56,,,,,Centidel,Recruiting Manager,2032.95,,,2013/09/05
665,2,19,Cristian,Guidetti,Male,61,57,Maybach,2015,,Oyondu,Operator,5573.52,,,2019/07/02
666,10,36,Teodoro,Dungate,Male,63,,,,,Jatri,Web Developer III,3586.9,,,2006/05/07
667,11,31,Melly,Butler,Female,31,G3,Pontiac,2019,,Buzzbean,Safety Technician IV,5667.34,,,2009/06/24
668,9,9,Solly,Gossington,Male,58,,,,,Skajo,Research Assistant IV,,,,2018/12/24
669,7,26,Merrel,Trevains,Male,56,Bonneville,Pontiac,2005,,Quinu,Project Manager,5359.33,,,2018/08/09
670,12,12,Shellie,Collisson,Female,50,,,,,Browsezoom,Paralegal,4193.67,2,,2001/01/28
671,13,38,Irena,Leacock,Female,69,Land Cruiser,Toyota,2003,,Jayo,Editor,7062.08,,,2002/10/12
672,10,4,Sacha,Baigrie,Female,44,,,,,Eidel,Research Assistant IV,6782.54,,,2011/05/10
673,3,37,Corella,Purkis,Female,75,,,,,Skippad,Help Desk Operator,3531.92,,,2008/08/23
674,7,36,Brandi,Pacitti,Female,29,TrailBlazer,Chevrolet,2001,,Oloo,Business Systems Development Analyst,6098.58,,,2010/06/06
675,10,14,Tim,Kester,Male,25,,,,,Flashdog,Speech Pathologist,6966.36,2,,2015/03/01
676,17,10,Opalina,Corps,Female,56,Mazda5,Mazda,2004,,Eadel,Assistant Manager,5606.68,,,2005/09/07
677,14,2,Barthel,Zecchetti,Male,77,Discovery Series II,Land Rover,1999,,,,2052.59,,,2005/01/24
678,6,36,Man,Foskew,Male,42,,,,,Latz,Financial Advisor,4499.71,,,2014/11/05
679,6,30,Tally,Grier,Female,63,Golf,Volkswagen,2004,,,,5628.56,,,2009/12/03
680,3,22,Tristam,Hawkshaw,Male,65,Tucson,Hyundai,2014,,Lazzy,Help Desk Operator,5217.88,,,2017/02/27
681,8,13,Siward,Cheston,Male,70,,,,,,,6493.83,,,2016/06/27
682,15,37,Kristofer,Nesby,Male,68,,,,,Podcat,Analog Circuit Design manager,2395.89,2,,2000/09/02
683,16,23,Isak,MacCurley,Male,60,Suburban 2500,Chevrolet,2012,,Twitterlist,VP Quality Control,7732.51,1,,2012/03/12
684,8,21,Dun,Curtis,Male,64,S8,Audi,2007,,Zazio,Mechanical Systems Engineer,4189.24,,,2012/05/11
685,14,38,Melony,Congreve,Female,55,,,,,Roombo,Statistician IV,2007.92,,,2014/07/20
686,9,33,Cass,O'Noland,Male,54,,,,,Twinder,Occupational Therapist,4940.96,,,2006/09/27
687,2,2,Dwayne,Ickovicz,Male,64,Regal,Buick,2010,,Gigashots,Pharmacist,5277.41,1,,2014/02/05
688,16,19,Dante,Dimitrijevic,Male,38,Aura,Saturn,2013,,Skyvu,Product Engineer,5789.23,,,2003/08/16
689,14,31,Ruthann,Tupp,Female,65,,,,,Tavu,Health Coach IV,3698.78,,,2015/08/24
690,2,19,Vinny,Scemp,Male,38,,,,,Avamm,Executive Secretary,5097.81,,,2002/08/16
691,1,6,Carce,Wilshere,Male,47,Justy,Subaru,2018,,Centidel,Quality Control Specialist,3342.88,1,,2008/05/22
692,15,24,Richmond,Escofier,Male,28,Yukon XL 2500,GMC,2008,,Yakijo,Biostatistician IV,5209.57,,,2009/04/04
693,13,28,Filberte,Tyt,Male,60,GTI,Volkswagen,1999,,Thoughtbeat,Nurse,,,,2001/09/04
694,15,36,Oren,Wrenn,Male,79,,,,,Babbleset,VP Product Management,3712.11,,,2020/01/04
695,3,9,Karly,Lawther,Female,38,,,,,Edgeblab,Dental Hygienist,,,,2008/09/23
696,8,29,Armstrong,Kelston,Male,54,Golf,Volkswagen,2016,,Tagfeed,GIS Technical Architect,,,,2006/05/16
697,2,26,Catrina,Choake,Female,53,,,,,Tazzy,Associate Professor,,,,2019/04/11
698,3,26,Cybil,Reis,Female,73,Grand Prix,Pontiac,2019,,Tagpad,Administrative Assistant III,3197.76,1,,2006/02/12
699,8,21,Mike,Mangan,Male,78,Solara,Toyota,2009,,Livepath,GIS Technical Architect,,1,,2008/10/27
700,13,11,Jefferson,Knight,Male,61,G-Series G20,Chevrolet,2005,,Kwideo,Database Administrator I,3198.19,,,2016/06/11
701,13,22,Howard,Rosenwasser,Male,49,F250,Ford,2011,Cachorro,Dynazzy,Software Test Engineer I,,,1,2007/03/12
702,8,14,Monro,Rosin,Male,59,G,Infiniti,2004,,Twimbo,Engineer III,3990.37,,,2003/03/12
703,12,34,Constantia,MacCurlye,Female,64,,,,,,,3029.66,,,2011/07/29
704,4,7,Drucill,Emett,Female,50,,,,Passaro,Photojam,Project Manager,4631.8,,1,2012/04/16
705,13,10,Lorraine,Beedom,Female,57,,,,,Flipstorm,Project Manager,7998.2,2,,2019/10/01
706,12,31,Hiram,Astlatt,Male,49,,,,Rato,,,6760.84,,1,2002/05/19
707,14,33,Morrie,Fonteyne,Male,29,,,,,Bubbletube,Research Associate,5781.88,,,2014/09/01
708,7,35,Milt,Riseborough,Male,72,F150,Ford,1999,,Devpulse,Quality Engineer,2689.59,,,2010/07/13
709,14,30,Mattheus,Janowski,Male,42,,,,Rato,Tekfly,Junior Executive,,,1,2009/08/30
710,9,20,Becka,Jacobowits,Female,56,Murano,Nissan,2007,,Aimbu,Senior Quality Engineer,2881.48,,,2006/02/10
711,4,32,Sonny,Pantecost,Male,25,,,,,,,7134.18,,,2003/09/05
712,3,24,Nissa,Kleiser,Female,57,Bonneville,Pontiac,2018,,Ailane,Director of Sales,2988.22,,,2017/03/31
713,14,2,Hazel,Trewman,Female,56,,,,,Tazzy,Account Representative IV,7748.63,1,,2010/06/03
714,1,6,Bab,Klais,Female,71,,,,,Fanoodle,Staff Scientist,,,,2001/12/09
715,10,28,Sharona,Bohike,Female,52,S8,Audi,2017,,Leexo,Analog Circuit Design manager,4615.02,1,,2003/07/31
716,16,25,Lovell,Soppeth,Male,41,Routan,Volkswagen,2015,Passaro,Rooxo,Accountant III,6644.3,,1,2009/11/22
717,13,2,Faustina,Chantler,Female,43,Ram Van 2500,Dodge,2002,,Brainsphere,Staff Scientist,3154.62,,,2009/10/17
718,1,10,Ber,Seccombe,Male,77,Azure,Bentley,2002,Gato,Trunyx,Community Outreach Specialist,4652.33,,1,2004/06/04
719,2,22,Rois,Curee,Female,65,Protege,Mazda,2001,,Divape,Web Designer IV,3896.8,,,2002/01/07
720,2,38,Andie,Bollin,Male,59,X6,BMW,2014,,Babblestorm,Account Executive,7398.56,,,2005/11/01
721,17,2,Aland,Thomkins,Male,41,A5,Audi,2008,Outros,,,,2,1,2016/08/12
722,1,38,Dniren,Blemings,Female,70,900,Saab,2010,,,,3024.62,,,2018/08/30
723,12,36,Xavier,Khilkov,Male,47,riolet,Audi,2002,,Photobean,Clinical Specialist,3722.53,,,2014/05/05
724,16,28,Rosabel,Musslewhite,Female,50,,,,,Yoveo,Accountant I,3254.6,,,2008/07/14
725,16,23,Cher,Wais,Female,32,,,,,Blognation,Occupational Therapist,,,,2003/02/17
726,9,34,Kelsi,Olivas,Female,29,,,,,Midel,Mechanical Systems Engineer,4740.04,1,,2006/08/09
727,9,11,Godard,Stockin,Male,60,Silverado 2500,Chevrolet,2020,,Bubblebox,Structural Analysis Engineer,2829.16,1,,2017/06/11
728,10,14,Gisele,Ferrarin,Female,36,S-Type,Jaguar,2009,,Yakidoo,Environmental Specialist,,,,2020/03/16
729,11,4,Flint,Arrow,Male,28,,,,,Blogspan,Quality Control Specialist,3435.84,,,2001/07/15
730,2,10,Roanna,Luce,Female,61,,,,,Brainverse,Chief Design Engineer,5672.38,,,2012/10/23
731,3,32,Addy,Seamons,Female,64,Ranger,Ford,2006,,Realcube,Research Nurse,,,,2017/01/30
732,11,16,Adaline,Marquot,Female,61,,,,,Gigaclub,Electrical Engineer,7188.59,,,2018/11/02
733,11,15,Gaby,de Glanville,Female,57,G25,Infiniti,2019,,Twitterwire,VP Quality Control,3731.59,,,2016/05/03
734,9,11,Cassey,Hun,Female,55,,,,,Twimm,Speech Pathologist,3045.73,,,2012/04/05
735,8,11,Wenonah,Leve,Female,62,Cayman,Porsche,2019,,Gabtune,Internal Auditor,,,,2019/04/27
736,12,23,Abraham,Stellin,Male,32,Sonoma Club Coupe,GMC,2006,,Skyba,Accountant I,,2,,2003/03/20
737,17,34,Ferdinanda,Treffrey,Female,70,C70,Volvo,2014,,Shuffletag,VP Sales,5215.48,,,2006/05/08
738,11,15,Rafaellle,Thurby,Male,47,,,,,,,,,,2012/05/25
739,16,35,Nobe,Freeborne,Male,45,,,,,Rhynoodle,Recruiting Manager,,,,2005/06/26
740,16,28,Fanchette,Abele,Female,44,Vision,Eagle,2005,,Kare,Assistant Manager,6118.28,,,2000/07/10
741,15,11,Lannie,Hupka,Male,55,Malibu,Chevrolet,2015,,Skalith,Senior Developer,,,,2019/09/23
742,7,19,Pippy,Franciotti,Female,70,,,,,Vidoo,Dental Hygienist,,,,2005/07/06
743,13,8,Laurie,Allinson,Male,26,,,,,Innotype,Desktop Support Technician,6618.24,,,2007/10/27
744,14,9,Kingsly,Blackborough,Male,29,Mustang,Ford,2016,,Twitternation,Software Consultant,,,,2011/07/18
745,5,35,Joachim,Vicioso,Male,68,Maxima,Nissan,2017,,Blogspan,Account Representative III,5934.22,,,2015/04/04
746,17,14,Kaela,McAlester,Female,71,,,,,Fivespan,VP Accounting,4848.58,,,2001/08/02
747,2,22,Nichol,Braddon,Female,67,,,,,Wordtune,Recruiting Manager,5524.88,,,2004/03/18
748,13,35,Conney,Maccrie,Male,35,,,,,Ntag,Associate Professor,2749.86,2,,2011/09/23
749,8,32,Nat,Duthy,Male,70,G8,Pontiac,2008,,Ntags,Librarian,6886.06,,,2016/06/09
750,13,7,Twyla,Elcott,Female,40,,,,,Jabberbean,Business Systems Development Analyst,,,,2008/07/16
751,12,24,Marline,Peyto,Female,60,,,,,Roomm,Actuary,2540.58,,,2007/01/22
752,8,30,Nester,Huguet,Male,69,,,,,Tekfly,Systems Administrator III,4729.55,,,2016/11/12
753,16,17,Lexis,Karsh,Female,39,,,,Cachorro,Flipopia,Legal Assistant,5439.19,,1,2003/09/18
754,15,11,Mora,Croneen,Female,35,,,,,Wikizz,Sales Representative,7205.62,1,,2007/11/11
755,15,29,Caren,Winstone,Female,34,,,,,Wordify,Financial Analyst,4419.94,,,2001/10/23
756,16,23,Alexandros,Beament,Male,74,Expedition,Ford,1998,,Blogtags,Structural Analysis Engineer,3226.48,,,2003/10/12
757,5,32,Welbie,Laval,Male,28,Camry,Toyota,2005,,Oyoloo,Administrative Officer,,,,2001/07/02
758,5,25,Gallard,McArte,Male,69,,,,,Pixonyx,Registered Nurse,7716.59,,,2004/09/27
759,8,25,Katleen,Billes,Female,42,500SEC,Mercedes-Benz,2015,,Cogidoo,Community Outreach Specialist,7996.58,,,2002/03/04
760,7,28,Tilda,Hawking,Female,54,Caravan,Dodge,2003,,JumpXS,Payment Adjustment Coordinator,7648.27,,,2008/06/13
761,7,6,Talyah,Ebbotts,Female,64,,,,,Yabox,Web Designer IV,6079.4,,,2018/02/17
762,7,13,Jarvis,Haet,Male,67,,,,,Gabtype,Information Systems Manager,5068.54,,,2019/03/16
763,15,10,Carol-jean,Ollivier,Female,42,,,,,Shuffledrive,Help Desk Operator,5695.99,1,,2010/12/26
764,4,36,Jania,Hatliff,Female,54,S80,Volvo,2015,,Buzzshare,Engineer III,4627.1,2,,2019/03/02
765,2,17,Aile,Darrington,Female,55,Avalon,Toyota,2009,,Trilia,Systems Administrator I,6431.57,,,2004/07/17
766,17,28,Elisabet,Bruty,Female,47,,,,,Latz,Data Coordiator,7609.44,,,2012/11/23
767,15,2,Ginnie,Bointon,Female,27,,,,,Flashpoint,Operator,7928.58,,,2018/08/14
768,17,16,Elva,MacSharry,Female,36,MX-5,Mazda,2011,,Mydeo,Senior Financial Analyst,,1,,2006/12/28
769,6,9,Jeri,Cansdall,Female,80,Mustang,Ford,2004,,Einti,Teacher,2557.98,,,2006/12/06
770,14,14,Marijn,Cicco,Male,42,C30,Volvo,2019,,Yakidoo,GIS Technical Architect,,,,2002/08/31
771,10,20,Steven,Wilber,Male,70,,,,,Eamia,Web Designer II,6081.08,1,,2004/10/17
772,5,14,Dalis,Adderson,Male,71,RX-8,Mazda,2012,,Youspan,Programmer II,2350.26,,,2003/12/02
773,15,13,Horten,Keetley,Male,40,Express 2500,Chevrolet,2016,,Eadel,Staff Scientist,6601.25,,,2003/03/24
774,8,13,Linda,Swapp,Female,68,Tundra,Toyota,2001,,Roombo,Statistician IV,3375.64,,,2019/07/16
775,4,3,Lesley,Wolver,Male,34,,,,,Omba,Structural Analysis Engineer,4328.51,,,2001/04/10
776,1,30,Marylinda,Lawtey,Female,75,Pilot,Honda,2009,,Browsebug,Programmer Analyst IV,5422.78,,,2020/01/17
777,9,36,Verile,Goalby,Female,27,Touareg,Volkswagen,2016,,Demimbu,Help Desk Operator,6319.46,,,2004/03/19
778,17,5,Penni,Sandell,Female,41,9-7X,Saab,2020,,Innotype,Marketing Assistant,3525.28,,,2012/05/21
779,8,4,Rosa,Wasbrough,Female,50,,,,,Browseblab,Chief Design Engineer,,2,,2012/10/20
780,8,29,Ivar,Stoakley,Male,74,,,,,Voomm,Automation Specialist I,3520.88,,,2003/04/12
781,8,1,Sholom,Goodee,Male,74,,,,,Npath,Recruiter,4087.75,,,2007/08/08
782,6,17,Berkeley,Cartledge,Male,33,Prowler,Plymouth,2011,,Twitterworks,Electrical Engineer,6149.97,1,,2001/04/22
783,15,18,Kipper,Garlee,Male,41,S10,Chevrolet,1998,,Edgewire,Systems Administrator III,6413.48,,,2007/10/25
784,17,8,Tab,Tacon,Male,77,,,,,Vipe,Statistician I,3683.07,,,2012/05/07
785,2,34,Dare,Konerding,Male,71,,,,,Camimbo,Civil Engineer,4808.47,,,2003/11/06
786,3,10,Galvan,Kruszelnicki,Male,32,TundraMax,Toyota,2004,,Devify,VP Quality Control,,,,2004/08/14
787,4,14,Dannie,Ivshin,Female,41,Galant,Mitsubishi,2014,,Mydeo,Associate Professor,2540.0,,,2013/10/18
788,4,8,Sonnie,Barnardo,Female,77,,,,,Photofeed,Paralegal,5527.49,,,2020/06/02
789,8,7,Ferrell,Pillinger,Male,35,E-Series,Ford,2007,,Quaxo,Product Engineer,4921.43,,,2018/04/11
790,17,31,Horten,Drakard,Male,73,,,,Gato,Thoughtbeat,Assistant Professor,6428.62,1,1,2002/05/13
791,13,9,Rachel,Jiruch,Female,80,Hombre,Isuzu,2003,,Ainyx,Sales Associate,4342.83,2,,2019/02/04
792,12,23,Arlan,Empringham,Male,43,,,,,Wordify,VP Accounting,5427.82,,,2012/02/17
793,5,35,Parry,Halbeard,Male,78,,,,,Meeveo,Environmental Tech,4844.1,,,2008/09/07
794,16,1,Ernst,Wenderott,Male,56,Compass,Jeep,2012,,InnoZ,Information Systems Manager,3309.59,,,2011/06/25
795,14,7,Kerstin,Cadlock,Female,45,,,,,Bubblemix,Quality Control Specialist,3644.21,2,,2015/02/04
796,3,26,Fiona,Kinglesyd,Female,52,XC70,Volvo,2017,,Mynte,Editor,6683.93,,,2005/12/09
797,14,20,Venus,Kilbey,Female,69,,,,,Mydo,VP Sales,,,,2007/05/24
798,14,18,Drusie,Simunek,Female,36,Continental GTC,Bentley,2014,,Eadel,Payment Adjustment Coordinator,4764.04,,,2010/03/24
799,11,11,Octavius,Pighills,Male,72,,,,,Shufflester,Registered Nurse,4593.08,,,2010/12/29
800,16,3,Marne,Bletsoe,Female,58,Azure,Bentley,2010,,Skinix,Biostatistician IV,3738.17,,,2015/02/24
801,13,27,Lanny,Rust,Male,34,,,,,Browsecat,Project Manager,6174.61,,,2017/04/06
802,3,13,Mickie,Kenway,Male,29,,,,,Photobean,Assistant Media Planner,4251.16,,,2005/12/20
803,14,4,Ernesto,McLagain,Male,38,5 Series,BMW,2018,,Twiyo,Assistant Professor,5897.96,,,2002/10/08
804,1,7,Sanford,Cockerell,Male,63,Monte Carlo,Chevrolet,2006,,Tagtune,Project Manager,6546.04,,,2000/08/10
805,3,38,Illa,Wicklin,Female,38,968,Porsche,2016,,Tagtune,Automation Specialist II,7609.55,,,2007/10/01
806,2,25,Valentia,Huertas,Female,61,Probe,Ford,2000,,Flipbug,Account Executive,5046.33,,,2011/01/12
807,9,28,Rosabel,Blundell,Female,55,,,,,,,6269.39,1,,2004/05/22
808,16,21,Delbert,Schoolcroft,Male,62,Dakota,Dodge,2010,,Minyx,Assistant Media Planner,6108.37,,,2020/06/08
809,10,13,Randy,Startin,Female,65,Cougar,Mercury,2010,,Meejo,Community Outreach Specialist,,,,2012/09/26
810,1,11,Cindi,Reisenberg,Female,47,,,,,Brainverse,Biostatistician I,,,,2017/11/21
811,10,11,Windy,Votier,Female,49,C-Class,Mercedes-Benz,1998,,Camido,Product Engineer,7964.8,,,2014/08/30
812,16,26,Kylila,Huddle,Female,65,,,,,Eimbee,Data Coordiator,,,,2004/06/20
813,11,31,Maurine,Bastiman,Female,80,,,,,Avamm,Safety Technician IV,3919.35,,,2015/05/01
814,11,37,Florella,Tabourin,Female,48,Yaris,Toyota,2016,,Leexo,Database Administrator III,5709.01,,,2001/07/15
815,3,33,Drucie,Kindread,Female,51,Gallardo,Lamborghini,1999,,Oyoba,Cost Accountant,6717.22,1,,2010/06/05
816,12,37,Perren,Rands,Male,71,Sable,Mercury,2009,,Shufflester,Nuclear Power Engineer,7054.34,,,2008/08/25
817,14,28,Carroll,Ladbrook,Female,49,,,,,Vipe,Research Assistant II,5215.51,,,2018/01/16
818,1,12,Tabbi,Josilevich,Female,42,STS,Cadillac,2000,Rato,Bluejam,Desktop Support Technician,,,1,2017/08/14
819,7,35,Mano,Lorrain,Male,33,,,,,Vidoo,VP Sales,3188.38,,,2011/12/09
820,5,10,Geoffry,Seakes,Male,69,Discovery,Land Rover,2012,,Meetz,Research Assistant IV,7151.63,,,2000/10/24
821,17,7,Barbette,Fiddeman,Female,57,9-5,Saab,1999,,Skinix,Automation Specialist III,,,,2005/09/29
822,6,23,Noami,Dallaghan,Female,33,Cabriolet,Volkswagen,2020,,Gabtune,Automation Specialist II,3795.2,2,,2013/03/25
823,11,35,Diana,Shiliton,Female,53,,,,,Cogilith,Operator,6538.32,2,,2004/11/12
824,1,38,Andee,Capstaff,Female,29,Grand Caravan,Dodge,2010,Gato,Feedfish,Internal Auditor,5921.5,,1,2013/04/13
825,6,13,Burk,Costellow,Male,80,,,,Passaro,Skaboo,Recruiting Manager,6253.19,,1,2008/02/20
826,8,4,Ewart,Cantos,Male,74,,,,,Skiba,Graphic Designer,6948.78,,,2001/03/22
827,9,22,Zara,Nappin,Female,72,Aztek,Pontiac,2015,,Avamba,Mechanical Systems Engineer,4745.05,,,2011/04/21
828,13,30,Salim,Goldsack,Male,39,Express 3500,Chevrolet,2007,,LiveZ,Software Consultant,4006.8,,,2016/01/29
829,9,11,Guglielmo,Corona,Male,37,,,,,Thoughtworks,Data Coordiator,2355.45,,,2017/05/19
830,14,20,Laureen,Petracchi,Female,79,Fleetwood,Cadillac,2017,,Skimia,Chief Design Engineer,2252.11,,,2006/12/28
831,14,16,Tarah,Alasdair,Female,64,,,,,Mydeo,Teacher,7607.64,,,2013/09/22
832,3,4,Stafford,Josifovic,Male,31,Roadmaster,Buick,2018,,Buzzbean,Senior Financial Analyst,2963.3,,,2013/05/21
833,17,9,Vanda,Romayn,Female,78,Protege,Mazda,2005,,Rhynoodle,Geological Engineer,2209.6,,,2005/03/31
834,7,16,Netta,Sheryne,Female,50,,,,,Dynabox,Data Coordiator,4534.85,1,,2014/06/16
835,17,35,Jenifer,Langhor,Female,33,,,,,Trilith,Engineer III,5594.25,1,,2005/11/12
836,15,13,Livy,Hardiker,Female,74,Golf,Volkswagen,2005,,Oba,Junior Executive,5738.2,,,2010/11/03
837,13,11,Allsun,McTrustie,Female,53,Vision,Eagle,2007,,Feedfire,Account Representative III,4196.22,,,2001/03/10
838,16,10,Cloris,Gaskall,Female,58,,,,,Quamba,Structural Analysis Engineer,,,,2014/11/15
839,5,18,Ignaz,Wayland,Male,53,,,,,Digitube,Office Assistant IV,,,,2015/08/02
840,9,24,Anny,Lidgard,Female,30,929,Mazda,2012,,Quatz,Legal Assistant,6595.59,,,2007/04/24
841,12,3,Ardelle,Hallward,Female,49,TSX,Acura,2004,,Zoomzone,Recruiting Manager,5752.25,,,2013/09/02
842,16,24,Meryl,Cosbey,Male,75,Escape,Ford,2012,,Eabox,Account Representative II,,,,2016/02/21
843,13,33,Dionysus,Bahl,Male,26,Ram 2500,Dodge,2003,,,,5808.38,2,,2010/09/18
844,7,21,Felice,Keyte,Female,71,9000,Saab,2003,,Abata,VP Quality Control,4367.59,,,2009/02/14
845,11,34,Raimondo,Quinet,Male,27,,,,,Bubbletube,Systems Administrator III,,,,2018/09/19
846,7,12,Homere,Ghidoli,Male,51,Caprice,Chevrolet,2008,,Quatz,Assistant Manager,2416.09,2,,2018/11/17
847,3,23,Tildy,Woodroff,Female,76,,,,,Zoombox,Executive Secretary,,,,2017/11/09
848,7,33,Lind,Rives,Male,45,,,,,Dabjam,VP Quality Control,6697.76,,,2012/03/27
849,3,14,Jonas,Bestall,Male,43,,,,,Npath,Biostatistician I,,,,2005/03/08
850,16,28,Selena,Balderstone,Female,37,Compass,Jeep,2008,,Omba,Senior Sales Associate,3383.57,2,,2003/03/18
851,5,24,Hillery,Mayman,Male,44,Cayenne,Porsche,2018,Gato,Lazz,Accountant III,5642.39,,1,2011/04/02
852,3,12,Krystal,Ventum,Female,34,Milan,Mercury,2003,,Photobug,Budget/Accounting Analyst IV,2390.91,,,2007/02/15
853,13,3,Benedetta,Dadd,Female,73,Yaris,Toyota,2012,,Centimia,Food Chemist,3145.98,,,2014/07/05
854,16,1,Borg,Betser,Male,53,Celica,Toyota,2011,,Brainsphere,VP Sales,,,,2018/03/16
855,7,3,Brady,Craighall,Male,61,Mazda6,Mazda,2013,,JumpXS,Analyst Programmer,4066.94,,,2009/04/12
856,1,35,Adriane,Bellas,Female,52,Exige,Lotus,2010,,Photobug,VP Marketing,3836.36,,,2015/12/12
857,12,30,Galven,Tuny,Male,70,2500,Chevrolet,2009,,Rhybox,Marketing Assistant,3780.48,,,2006/05/20
858,15,17,Lorry,Schleswig-Holstein,Male,72,A4,Audi,2004,,Snaptags,Senior Developer,4826.89,,,2019/06/08
859,12,4,Letisha,Rubinsky,Female,39,Ram Van 1500,Dodge,2001,,Wordware,VP Accounting,2138.5,,,2015/09/03
860,15,37,Dianne,Moyne,Female,36,,,,,Roombo,Junior Executive,5822.3,2,,2008/09/06
861,5,20,Diahann,Pollington,Female,51,,,,,Skaboo,Electrical Engineer,5807.87,,,2016/02/16
862,9,17,Ives,McTrustie,Male,73,Astra,Saturn,1998,,Vinte,Senior Financial Analyst,6469.93,,,2003/06/06
863,15,38,Keriann,Vicker,Female,65,,,,Rato,,,2253.36,,1,2013/09/18
864,1,14,Beauregard,McIlriach,Male,70,Dakota Club,Dodge,2004,Rato,Lajo,Assistant Professor,,2,1,2020/03/21
865,15,17,Leonard,Slaght,Male,52,,,,Gato,Pixope,Database Administrator III,6237.01,,1,2010/06/20
866,5,36,Stavro,Maystone,Male,25,Camry,Toyota,1998,,Gigashots,Payment Adjustment Coordinator,3653.16,,,2001/03/22
867,7,21,Jervis,Athersmith,Male,45,Range Rover,Land Rover,2011,,,,3688.02,,,2005/05/27
868,3,12,Rufus,Kmicicki,Male,61,Silverado 1500,Chevrolet,2020,,Demivee,Teacher,6277.24,,,2000/07/01
869,3,14,Sibylla,Oley,Female,75,,,,Cachorro,Shuffledrive,VP Quality Control,,,1,2011/04/28
870,2,4,Katha,Librey,Female,26,Silhouette,Oldsmobile,2010,,Topicstorm,Legal Assistant,7692.47,,,2004/05/07
871,10,4,Shell,Holyland,Male,47,Sebring,Chrysler,2000,,Yombu,Media Manager III,,,,2001/11/26
872,9,6,Thornie,Janning,Male,70,3 Series,BMW,2009,,Ntag,Human Resources Assistant I,7913.61,1,,2005/02/25
873,7,15,Morley,Dewfall,Male,80,Intrepid,Dodge,2018,,Ntags,Social Worker,7477.2,,,2007/11/23
874,11,19,Lenard,Doylend,Male,60,,,,,Buzzdog,Pharmacist,3821.83,,,2017/10/04
875,13,14,Gail,Storek,Female,60,Malibu,Chevrolet,2010,,,,7559.24,,,2016/01/23
876,5,16,Torr,Strete,Male,73,,,,,Tagfeed,Clinical Specialist,,,,2014/03/23
877,16,35,Papagena,Rabbatts,Female,28,,,,,Avaveo,Assistant Professor,2851.47,,,2002/04/16
878,8,14,Boonie,M'Barron,Male,50,Cavalier,Chevrolet,2015,,Blogspan,Environmental Tech,,,,2010/09/06
879,16,38,Giovanni,Slowcock,Male,46,,,,,Zoomdog,Account Representative IV,6946.27,,,2013/07/14
880,13,1,Trisha,Brik,Female,47,LX,Lexus,2016,,Innotype,Nurse Practicioner,,,,2011/03/10
881,9,11,Nevin,Alexsandrev,Male,46,Econoline E150,Ford,2019,,Mydeo,Legal Assistant,2709.77,,,2005/06/30
882,10,34,Kacey,Gregan,Female,74,,,,,Feedmix,Assistant Manager,,1,,2010/02/11
883,6,34,Darby,Temperton,Male,38,,,,,Oyope,Analyst Programmer,3558.78,,,2001/10/05
884,6,13,Ewart,Hollows,Male,71,Suburban 2500,GMC,2002,,Zoozzy,VP Accounting,4312.69,,,2009/07/12
885,5,15,Edan,Shillaker,Male,26,,,,,Camimbo,Compensation Analyst,7157.47,,,2007/12/20
886,10,34,Charissa,Swale,Female,68,X5,BMW,1998,,Zoomcast,Payment Adjustment Coordinator,,,,2020/05/28
887,4,31,Patrick,Klimuk,Male,48,New Beetle,Volkswagen,2003,,Katz,Safety Technician IV,2716.85,2,,2006/09/02
888,1,31,Clarke,Eldredge,Male,64,Laser,Plymouth,2002,,Twitterworks,Programmer III,2470.86,,,2007/07/26
889,8,26,Ofilia,Emeney,Female,37,,,,,,,,,,2015/02/11
890,14,17,Rochell,Twitchett,Female,38,,,,,Rhynoodle,Associate Professor,4305.37,,,2009/02/27
891,1,27,Malina,Colquhoun,Female,76,,,,,Youfeed,Administrative Assistant I,4126.27,2,,2017/07/19
892,2,29,Matthaeus,Coils,Male,59,S40,Volvo,2017,,,,5825.63,,,2016/11/13
893,6,35,Hobard,McVanamy,Male,68,Fit,Honda,2011,,Agimba,Analyst Programmer,3752.27,,,2006/09/03
894,6,1,Otes,Braywood,Male,57,,,,,Fivebridge,Research Associate,3996.31,2,,2001/02/10
895,3,25,Mort,Greasley,Male,36,,,,,Brightbean,Automation Specialist I,6306.36,,,2013/09/21
896,17,19,Quillan,Stutely,Male,75,Truck,Mitsubishi,2010,,Riffpath,Data Coordiator,4826.63,,,2007/10/23
897,9,17,Gabie,Filde,Female,67,S60,Volvo,2012,,Roodel,Assistant Manager,,,,2008/08/19
898,1,16,Foss,Cullivan,Male,45,Quest,Nissan,2004,,Camido,Senior Financial Analyst,7645.92,1,,2019/06/22
899,17,23,Arv,See,Male,43,,,,,Mybuzz,Senior Editor,,,,2016/01/10
900,6,18,Thacher,Tapenden,Male,67,,,,,,,3773.08,,,2000/09/26
901,7,32,Susanetta,Farreil,Female,26,New Yorker,Chrysler,2016,,Twiyo,Financial Analyst,3491.89,,,2008/11/27
902,4,28,Jarid,Radbone,Male,75,Impala,Chevrolet,2018,,Youopia,Recruiter,6795.26,,,2017/05/03
903,15,35,Hazel,Glasscott,Male,47,,,,,Rhyzio,Financial Advisor,7568.06,1,,2019/01/20
904,16,14,Guillemette,Snowling,Female,46,V40,Volvo,2011,,Dynabox,Web Developer III,5373.55,,,2005/03/12
905,17,29,Denny,Beetham,Male,49,1500 Club Coupe,GMC,2001,,Topicware,Desktop Support Technician,,,,2006/10/14
906,7,37,Ag,Hosier,Female,46,Accord,Honda,2002,Cachorro,LiveZ,Web Designer IV,2107.43,2,1,2002/05/31
907,3,19,Corny,Surgood,Female,73,,,,,Voonte,Account Coordinator,4608.56,1,,2008/11/06
908,17,26,Daisy,Pfeffer,Female,28,Xterra,Nissan,2005,,Realblab,Human Resources Assistant III,4979.28,,,2015/03/18
909,12,1,Alec,Starkings,Male,35,SLR McLaren,Mercedes-Benz,2006,,Devbug,Tax Accountant,5269.59,,,2010/12/11
910,17,14,Burt,McKerlie,Male,63,,,,,Feedbug,Technical Writer,7628.09,,,2009/10/16
911,3,29,Nelle,Sussems,Female,26,,,,,Browseblab,Librarian,7650.35,,,2017/04/16
912,3,28,Zachery,Denley,Male,33,,,,,Dynava,Professor,,,,2008/09/25
913,1,28,Sammy,Cammell,Female,60,S-Class,Mercedes-Benz,2008,,Cogilith,Programmer IV,5550.98,,,2016/11/30
914,12,19,Krissy,McDuall,Female,67,M3,BMW,2016,,Browsetype,Office Assistant I,2792.77,1,,2015/06/22
915,14,14,Prudi,Schwieso,Female,58,,,,Cachorro,Topiclounge,Director of Sales,7185.15,1,1,2002/08/21
916,1,11,Isidoro,Meadowcraft,Male,76,Stylus,Isuzu,2020,,Aivee,Graphic Designer,3987.46,1,,2017/09/25
917,15,14,Pierce,Purkins,Male,48,,,,,Flipbug,Registered Nurse,,2,,2012/03/31
918,8,23,Judon,Feldklein,Male,72,PT Cruiser,Chrysler,1998,,Realcube,Social Worker,5937.18,,,2003/11/29
919,16,34,Parker,Aisbett,Male,52,Wrangler,Jeep,2000,,Twitterbridge,Research Associate,3845.29,,,2009/06/05
920,7,2,Kaspar,Hanington,Male,45,612 Scaglietti,Ferrari,2018,,Wikizz,Database Administrator III,7045.97,,,2003/12/31
921,16,3,Angus,Storkes,Male,64,CL-Class,Mercedes-Benz,2000,,Abata,Executive Secretary,6155.68,,,2012/08/25
922,12,21,Andie,Firle,Female,32,458 Italia,Ferrari,2007,,Quire,Programmer IV,6037.81,,,2018/02/04
923,1,12,Isak,Mallan,Male,72,,,,,Twitterlist,Business Systems Development Analyst,4781.72,,,2002/05/02
924,16,26,Zedekiah,Gomez,Male,77,,,,,Cogibox,VP Quality Control,4530.26,,,2011/09/25
925,14,1,Mikol,Dutch,Male,73,Mulsanne,Bentley,1999,,Realbridge,Safety Technician III,6878.11,,,2012/02/27
926,2,25,Tripp,Node,Male,42,Montana,Pontiac,2005,Gato,,,2155.65,2,1,2002/12/10
927,16,5,Emelda,Lobb,Female,47,Equinox,Chevrolet,2002,,Dynava,Social Worker,,,,2001/12/23
928,11,34,Blisse,Fairlaw,Female,28,,,,,Topicshots,Paralegal,3733.33,,,2005/10/12
929,13,15,Mellie,Foulser,Female,39,,,,,Avaveo,Civil Engineer,4020.74,,,2015/03/17
930,15,30,Muriel,Amaya,Female,60,Crown Victoria,Ford,2014,,Fivechat,Analyst Programmer,4389.83,,,2003/02/23
931,10,5,Redd,Van Driel,Male,38,B-Series,Mazda,2016,,Feedmix,Speech Pathologist,,,,2003/03/04
932,11,8,Ezequiel,Beaufoy,Male,49,2500,Chevrolet,2006,,Cogidoo,Software Engineer I,6153.6,,,2005/02/04
933,3,4,Brendan,Baldick,Male,42,Probe,Ford,2003,Passaro,Aivee,Biostatistician I,2681.85,,1,2002/03/30
934,12,28,Augustin,Bergstram,Male,30,Mazda5,Mazda,2014,Rato,Aivee,Geological Engineer,2389.45,,1,2018/03/14
935,12,27,Christean,McEnhill,Female,30,,,,,Shuffledrive,Programmer II,6658.41,,,2011/12/09
936,4,22,Faustine,McKeown,Female,50,G-Series G10,Chevrolet,2004,,Brainlounge,Nuclear Power Engineer,4063.73,,,2009/09/27
937,17,24,Ulick,Borgne,Male,31,W126,Mercedes-Benz,2011,,Skinix,VP Sales,7099.01,,,2018/03/05
938,5,15,Ly,Ellit,Male,51,Jetta,Volkswagen,2002,,,,3960.07,,,2015/06/04
939,1,26,Risa,Stallybrass,Female,61,iQ,Scion,2003,,Edgepulse,Nurse,7494.66,,,2004/09/20
940,6,7,Kleon,Rutter,Male,47,Continental Flying Spur,Bentley,2000,,Twitterbridge,Professor,5711.4,2,,2008/11/05
941,4,37,Anitra,Early,Female,64,,,,,Kanoodle,Account Coordinator,5632.78,,,2007/09/06
942,10,17,Nicol,Vossgen,Male,53,Neon,Dodge,2002,,Kayveo,Account Executive,,,,2005/01/07
943,12,37,Roselia,Mantz,Female,74,,,,,Blogtag,Data Coordiator,7294.2,,,2016/07/08
944,13,3,Abeu,Anderson,Male,28,,,,,Brainbox,Administrative Officer,,,,2003/11/30
945,4,16,Weylin,Harme,Male,46,,,,,Gigashots,Research Assistant II,,,,2015/09/19
946,15,10,Cirillo,Stithe,Male,78,,,,Cachorro,Kazu,Programmer Analyst II,5014.88,,1,2005/04/24
947,13,1,Karl,Diter,Male,77,Ciera,Oldsmobile,2010,,Kazu,Senior Financial Analyst,6392.07,,,2007/05/21
948,6,25,Dodi,McCreath,Female,32,Camry,Toyota,2009,,Gabcube,Geological Engineer,6468.64,,,2019/01/10
949,12,16,Pippy,Benfield,Female,26,,,,,Snaptags,Community Outreach Specialist,6482.48,,,2019/01/26
950,7,29,Amby,Edridge,Male,36,,,,,Rhybox,Cost Accountant,3564.8,,,2014/07/22
951,10,32,Silvio,Capaldo,Male,72,,,,,,,6292.37,1,,2000/07/27
952,13,24,Otho,Evanson,Male,59,,,,,Jabberbean,Cost Accountant,6489.4,,,2011/10/22
953,13,19,Alexandr,Crush,Male,74,C8,Spyker,2008,,Skaboo,Legal Assistant,7735.81,1,,2017/01/09
954,10,29,Linnie,Paffitt,Female,58,GranTurismo,Maserati,2003,Rato,Tavu,Editor,2687.77,,1,2004/04/20
955,5,25,Paola,Fatharly,Female,74,Villager,Mercury,2013,,Ntags,Associate Professor,6461.22,,,2016/11/09
956,13,30,Noni,Skeldinge,Female,55,,,,,Kayveo,Social Worker,4586.5,1,,2018/10/03
957,13,28,Shurlock,Josskoviz,Male,70,,,,,Blognation,Account Coordinator,6938.68,,,2001/02/25
958,8,35,Ardeen,Dagnan,Female,78,Swift,Suzuki,2001,,Tagcat,Sales Representative,4979.27,,,2017/01/30
959,12,8,Ebenezer,Murrigan,Male,63,S4,Audi,2019,,Digitube,Occupational Therapist,4542.56,1,,2005/08/28
960,12,27,Gertie,Elcome,Female,74,Montana,Pontiac,2014,,Centidel,Geologist IV,3777.07,,,2004/03/09
961,14,5,Temp,Moughton,Male,72,CT,Lexus,2001,,Quinu,Nuclear Power Engineer,5375.04,2,,2001/07/19
962,9,8,Raquela,Witter,Female,62,,,,,Flashset,Operator,7005.91,1,,2010/09/12
963,17,16,Charyl,Eager,Female,70,300,Chrysler,2011,,Buzzdog,Software Consultant,6637.41,,,2006/06/13
964,17,6,Sharline,Paiton,Female,74,Paseo,Toyota,2010,,Eadel,VP Sales,,,,2016/06/12
965,5,19,Clareta,Wynch,Female,72,E-Series,Ford,2003,,Skimia,Geological Engineer,3192.17,1,,2015/05/08
966,6,21,Guinevere,Whipple,Female,32,,,,,Photofeed,Accountant III,6188.43,,,2016/10/01
967,10,3,Ernestus,Durnford,Male,41,Axiom,Isuzu,2019,,LiveZ,Automation Specialist III,3206.82,,,2011/10/03
968,11,38,Corenda,Esseby,Female,37,,,,,Babbleset,Account Coordinator,3461.75,2,,2010/06/29
969,1,24,Sylvester,Lesley,Male,62,Passat,Volkswagen,2007,,Dabfeed,Desktop Support Technician,3429.03,,,2005/07/26
970,6,29,Ramon,Mitrikhin,Male,40,,,,,Dabvine,Information Systems Manager,5309.29,,,2003/03/15
971,17,15,Keely,Lamba,Female,55,Sunbird,Pontiac,2003,,Oyondu,Recruiter,4315.85,,,2010/09/17
972,3,19,Ewen,Conan,Male,79,,,,,Yata,Electrical Engineer,7980.65,,,2010/04/11
973,15,18,Lionel,Sylvester,Male,63,,,,,Chatterpoint,Web Designer IV,2040.96,2,,2001/01/18
974,8,19,Stephana,Luparti,Female,31,Concorde,Chrysler,2014,,Innotype,Help Desk Operator,2431.94,2,,2017/09/06
975,10,26,Arlen,McGannon,Female,71,3500 Club Coupe,GMC,2010,Passaro,Jabberbean,Professor,4396.38,,1,2008/03/01
976,10,36,Tomasine,Stubbley,Female,36,,,,,Skipstorm,Technical Writer,2786.87,,,2005/02/07
977,3,7,Jacky,Devas,Male,32,Mustang,Ford,1999,,Youspan,Operator,,,,2007/01/11
978,13,9,Denys,Upstone,Female,42,,,,,Talane,Speech Pathologist,4474.19,,,2006/11/07
979,2,10,Aymer,Hawford,Male,26,LX,Lexus,2007,,Wikibox,VP Product Management,5694.59,,,2007/08/04
980,13,26,Kaleb,Mansford,Male,40,,,,,Wordpedia,Design Engineer,7894.56,,,2017/10/31
981,9,20,Jorge,Redit,Male,61,SC,Lexus,2004,,Yozio,Budget/Accounting Analyst III,2310.77,,,2017/06/01
982,16,15,Kerianne,Blethin,Female,36,Xterra,Nissan,2007,,Tekfly,Nurse,3287.38,,,2008/09/29
983,5,35,Shanon,Limmer,Female,54,Navigator,Lincoln,2017,,Youtags,Health Coach II,3627.7,1,,2018/08/29
984,8,29,Ruy,Pritchett,Male,28,929,Mazda,2000,,Shufflester,Senior Cost Accountant,4343.14,1,,2011/10/15
985,5,11,Diarmid,Keppe,Male,56,X-Type,Jaguar,2018,,Brainsphere,Human Resources Assistant II,5007.25,,,2015/05/05
986,11,8,Jillian,Riggs,Female,48,Savana,GMC,2017,,Kwideo,Accountant III,,,,2006/06/13
987,3,36,Robbert,Anan,Male,60,,,,,Eabox,Recruiter,,2,,2008/11/24
988,6,31,Jethro,Bursell,Male,75,Enclave,Buick,2014,,Ntags,Human Resources Manager,,,,2006/02/28
989,7,26,Hadria,Quinion,Female,73,MR2,Toyota,1998,,,,7224.83,1,,2005/11/26
990,2,33,Aylmar,Gudahy,Male,66,Cabriolet,Audi,2015,Passaro,,,2643.49,,1,2016/12/14
991,11,14,Lira,Agget,Female,75,Econoline E150,Ford,2002,,Meetz,Executive Secretary,3957.66,,,2020/01/26
992,15,8,Tasia,MacKeever,Female,80,600SEL,Mercedes-Benz,2018,,Mynte,Cost Accountant,,,,2009/05/05
993,15,13,Theresina,Klugman,Female,49,Expedition,Ford,2008,,,,,1,,2009/05/21
994,10,10,Riannon,Darmody,Female,25,H3,Hummer,1999,,Dabfeed,Software Test Engineer III,,,,2015/03/19
995,16,23,Johan,Josebury,Male,61,NSX,Acura,2017,,Quamba,Senior Editor,2686.64,,,2004/09/10
996,6,26,Armando,Rickards,Male,44,1500,GMC,2014,,Ozu,Software Test Engineer III,5345.63,,,2002/05/04
997,5,22,Cleavland,Enochsson,Male,69,Land Cruiser,Toyota,1998,,Chatterpoint,Financial Analyst,6243.85,,,2010/09/22
998,12,37,Cornelius,Winspurr,Male,47,,,,,Rooxo,Media Manager I,5612.19,1,,2019/12/25
999,8,32,Hilary,Goldie,Male,37,Eclipse,Mitsubishi,2018,,Camimbo,Recruiting Manager,7182.48,,,2005/04/14
1000,3,7,Gail,Cowdray,Female,56,9-5,Saab,2009,,Kimia,Account Executive,6930.26,,,2012/02/16
